"Date";"Building";"Contents";"Profits";"Total"
1980-01-03;1.09809663;0.5856515;0;1.683748
1980-01-04;1.75695461;0.3367496;0;2.093704
1980-01-05;1.73258126;0;0;1.732581
1980-01-07;0;1.305376;0.474377745;1.779754
1980-01-07;1.24450952;3.367496;0;4.612006
1980-01-10;4.45203953;4.273234;0;8.725274
1980-01-10;2.49487555;3.543192;1.86090776;7.898975
1980-01-16;0.7756896;0.9931171;0.439238653;2.208045
1980-01-16;0.81259151;0.6734993;0;1.486091
1980-01-19;2.37157394;0.1683748;0.256222548;2.796171
1980-01-21;0;7.320644;0;7.320644
1980-01-21;3.36749634;0;0;3.367496
1980-01-24;1.46412884;0;0;1.464129
1980-01-25;1.72222255;0;0;1.722223
1980-01-26;6.91800878;4.456808;0;11.374817
1980-01-26;1.602306;0.8804334;0;2.482739
1980-01-28;18.30161054;7.913031;0;26.214641
1980-02-03;1.54562225;0.4568082;0;2.00243
1980-02-05;4.39238653;0.1376281;0;4.530015
1980-02-07;1.12098829;0.7207643;0;1.841753
1980-02-10;3.80673499;0;0;3.806735
1980-02-13;10.2489019;3.873174;0;14.122076
1980-02-16;3.08164714;2.342606;0;5.424253
1980-02-19;2.92825769;8.784773;0;11.713031
1980-02-20;0.95900439;0.556369;0;1.515373
1980-02-21;2.53858858;0;0;2.538589
1980-02-22;1.75695461;0.2928258;0;2.04978
1980-02-23;3.80673499;8.658858;0;12.465593
1980-02-25;1.7354451;0;0;1.735445
1980-02-27;0.5124451;1.171303;0;1.683748
1980-03-07;0.66774963;2.436483;0.219619327;3.323852
1980-03-13;1.67461201;0.07320644;0.073206442;1.821025
1980-03-13;0.07320644;2.342606;0;2.415813
1980-03-13;0;1.464129;0;1.464129
1980-03-17;4.39238653;0.8978638;0.585651537;5.875902
1980-03-20;1.79243924;0;0;1.792439
1980-03-21;3.33821376;0;0;3.338214
1980-03-22;1.58448755;0;0;1.584488
1980-03-26;0.62265593;1.308665;0;1.931321
1980-04-06;2.04978038;0;0;2.04978
1980-04-10;1.57375842;0;0;1.573758
1980-04-11;1.75695461;0;0;1.756955
1980-04-14;4.93118594;0;0;4.931186
1980-04-15;5.41727672;0;0;5.417277
1980-04-16;0.73206442;0.8052709;0;1.537335
1980-04-25;17.56954612;0;0;17.569546
1980-04-25;1.69112299;0;0;1.691123
1980-04-26;1.58161201;0;0;1.581612
1980-05-01;0.36901903;1.098097;0;1.467116
1980-05-01;1.02489019;1.02489;0;2.04978
1980-05-02;1.08898975;0.8397218;0;1.928712
1980-05-02;2.12430307;1.138851;0;3.263154
1980-05-04;0.89897511;0.8052709;0;1.704246
1980-05-07;2.07460761;0;0;2.074608
1980-05-09;1.09809663;2.196193;0;3.29429
1980-05-10;1.83997511;0;0;1.839975
1980-05-16;7.32064422;0;0;7.320644
1980-05-18;5.85651537;1.464129;0;7.320644
1980-05-20;1.57621523;0;0;1.576215
1980-05-20;4.8560981;0;0;4.856098
1980-05-21;1.54227526;0;0;1.542275
1980-05-26;9.3250366;4.295754;0;13.620791
1980-05-29;0.73206442;1.02489;0;1.756955
1980-05-29;1.6398243;0;0;1.639824
1980-06-02;2.03637775;0;0;2.036378
1980-06-03;7.32064422;14.64129;0;21.961933
1980-06-11;1.79902635;0;0;1.799026
1980-06-12;2.30600293;0.1464129;0;2.452416
1980-06-15;1.24450952;1.424597;0;2.669107
1980-06-15;2.02414641;0;0;2.024146
1980-06-16;0.61200586;1.112738;0;1.724744
1980-06-17;1.64386384;0;0;1.643864
1980-06-21;1.17130307;0.7906296;0;1.961933
1980-06-30;3.80673499;0.8199122;0;4.626647
1980-07-02;1.46412884;0;0;1.464129
1980-07-04;0.94670571;2.060029;0.956515373;3.96325
1980-07-04;1.1132123;4.45064;0;5.563852
1980-07-07;0;4.392387;0;4.392387
1980-07-10;3.64031332;0;0;3.640313
1980-07-12;1.29575403;0.3821376;0;1.677892
1980-07-14;1.15666179;0.2928258;0;1.449488
1980-07-15;95.16837482;106.1493;61.932650073;263.250366
1980-07-25;0;2.500732;0;2.500732
1980-07-26;1.58272328;0.05270864;0.19033675;1.825769
1980-07-26;9.88286969;0;0;9.88287
1980-07-28;1.04852123;1.098097;0;2.146618
1980-07-29;0;2.870259;0;2.870259
1980-08-07;4.27804246;1.157665;0.884206442;6.319914
1980-08-08;2.1234612;0;0;2.123461
1980-08-08;2.48901903;0.4348463;0;2.923865
1980-08-11;1.03672767;0.867877;0.131771596;2.036376
1980-08-18;0.05270864;1.683748;0;1.736457
1980-08-18;2.04978038;0;0;2.04978
1980-08-20;1.9033675;0;0;1.903367
1980-08-21;1.61054173;0;0;1.610542
1980-08-23;1.46412884;0.2532943;0;1.717423
1980-08-23;0;2.375512;0.753925329;3.129438
1980-08-27;1.45166471;0.6002928;0;2.051958
1980-08-28;1.9675183;0;0;1.967518
1980-08-28;0.5124451;1.590044;0;2.102489
1980-08-28;0;2.380673;0.878477306;3.259151
1980-08-30;1.99853587;0;0;1.998536
1980-08-30;0.14641288;5.270864;0;5.417277
1980-09-02;2.81983602;0;0;2.819836
1980-09-04;3.27298536;0;0.424098097;3.697083
1980-09-05;1.75695461;0.2884334;0;2.045388
1980-09-05;2.67935578;0;0;2.679356
1980-09-08;0.55595461;2.064999;0.805270864;3.426224
1980-09-11;1.31771596;0.2708638;0;1.58858
1980-09-12;1.33461347;2.928258;0;4.262871
1980-09-12;1.24341435;0.5124451;0;1.755859
1980-09-14;1.98700586;0;0;1.987006
1980-09-15;1.66192533;0;0;1.661925
1980-09-15;5.41727672;2.196193;0;7.61347
1980-09-15;1.79487848;0;0;1.794878
1980-09-15;5.02767204;1.464129;0.183016105;6.674817
1980-09-25;0.23426061;1.893119;0.058565154;2.185944
1980-09-28;0;3.855051;0;3.855051
1980-09-30;0.43923865;2.342606;0.439238653;3.221083
1980-10-01;0.65885798;1.171303;0.292825769;2.122987
1980-10-01;0;1.467466;0.292825769;1.760291
1980-10-06;1.57313177;0.3953148;0.073206442;2.041653
1980-10-07;3.75593851;0;0;3.755939
1980-10-07;1.75695461;0.4851567;0;2.242111
1980-10-08;1.32579795;0.3953148;0;1.721113
1980-10-09;1.46412884;0;0;1.464129
1980-10-12;2.51569839;2.196193;0;4.711892
1980-10-14;2.1538243;0;0;2.153824
1980-10-16;0.87847731;1.512748;1.483587116;3.874813
1980-10-17;11.31039531;7.759883;0;19.070278
1980-10-20;1.75695461;0.1171303;0.01317716;1.887262
1980-10-23;0.5124451;0.9516837;0;1.464129
1980-10-24;1.53616398;0;0;1.536164
1980-10-25;2.56006589;0;0;2.560066
1980-10-27;1.31771596;1.481991;0;2.799707
1980-10-29;1.68374817;0.329429;0;2.013177
1980-10-30;1.3909224;0.07320644;0;1.464129
1980-11-05;3.66032211;2.664714;0;6.325037
1980-11-07;1.56730015;0;0;1.5673
1980-11-09;0;2.196193;0;2.196193
1980-11-10;1.61054173;0.7247438;0;2.335286
1980-11-13;1.53001464;0.5856515;0;2.115666
1980-11-14;0.75219766;0.717347;0;1.469545
1980-11-18;2.19619327;3.206442;0;5.402635
1980-11-18;5.3147877;0;0;5.314788
1980-11-19;1.31771596;1.554905;0;2.872621
1980-11-20;0;2.781845;0;2.781845
1980-11-25;2.57682138;0;0;2.576821
1980-12-06;3.10102489;0;0;3.101025
1980-12-07;0;1.464129;0;1.464129
1980-12-08;1.46412884;0.5856515;0;2.04978
1980-12-09;1.24450952;0.7174231;0;1.961933
1980-12-09;0;1.464129;0;1.464129
1980-12-09;2.04978038;0.5856515;0;2.635432
1980-12-10;0;1.464129;0;1.464129
1980-12-10;3.66032211;2.196193;0;5.856515
1980-12-12;2.66899122;0.4848873;0.14041142;3.29429
1980-12-14;1.26024158;1.260615;0;2.520857
1980-12-17;7.32064422;12.15227;0;19.472914
1980-12-17;1.31771596;0.5177467;0;1.835463
1980-12-19;2.04978038;0;0;2.04978
1980-12-23;2.78330893;0;0;2.783309
1980-12-25;1.75695461;1.02489;0;2.781845
1980-12-26;1.75695461;0;0;1.756955
1980-12-27;2.48901903;0.3513909;0;2.84041
1980-12-31;1.46412884;0.8667643;0;2.330893
1981-01-01;1.28440367;0.3407602;0.131061599;1.756225
1981-01-01;1.04849279;0.266055;0;1.314548
1981-01-01;0.5953211;1.80865;0;2.403971
1981-01-03;3.14547837;3.770152;0;6.91563
1981-01-07;1.4918768;0;0;1.491877
1981-01-17;1.53239581;0;0;1.532396
1981-01-23;1.87386107;0;0;1.873861
1981-01-26;1.44167759;0.3735256;0;1.815203
1981-01-31;5.89777195;2.359109;0;8.256881
1981-02-02;1.41020446;0;0;1.410204
1981-02-07;1.28919397;0.9174312;0;2.206625
1981-02-10;4.91480996;29.22674;0;34.141547
1981-02-10;2.44331062;0;0;2.443311
1981-02-13;3.59436959;0;0;3.59437
1981-02-13;1.96592398;0.406291;0;2.372215
1981-02-15;0.5242464;3.145478;0;3.669725
1981-02-17;0.99068152;5.242464;0.655307995;6.888453
1981-02-19;1.80209699;0;0;1.802097
1981-02-19;1.44167759;0;0;1.441678
1981-02-23;2.68676278;5.570118;0.917431193;9.174312
1981-02-27;1.70380079;0.3931848;0;2.096986
1981-03-01;0.3931848;1.376147;1.045216252;2.814548
1981-03-01;1.32317693;0.3617261;0;1.684903
1981-03-04;1.44167759;0.4941022;0.163826999;2.099607
1981-03-09;2.62123198;0;0;2.621232
1981-03-10;1.31061599;0.0655308;0;1.376147
1981-03-12;0.65530799;0.9239843;0.085190039;1.664482
1981-03-13;1.96592398;0.3931848;0;2.359109
1981-03-16;4.13648755;0;0;4.136488
1981-03-19;1.39439581;0;0;1.394396
1981-03-23;1.31061599;0.491481;0;1.802097
1981-03-24;1.33682831;0.4823067;0;1.819135
1981-03-24;0.33420708;0.9764089;0.203145478;1.513761
1981-03-27;3.01965924;0.06111402;0;3.080773
1981-04-01;7.20838794;13.76147;0;20.969856
1981-04-10;1.57273919;2.621232;0;4.193971
1981-04-13;1.17955439;0.6820891;0;1.861644
1981-04-18;1.96592398;0.5307995;0;2.496723
1981-04-20;0;1.477193;0.736588467;2.213781
1981-04-20;2.62123198;2.621232;0;5.242464
1981-04-22;1.32225426;0;0;1.322254
1981-04-23;2.09698558;6.159895;0.294888598;8.551769
1981-04-24;1.96592398;0;0;1.965924
1981-04-25;2.62123198;10.27392;0;12.895151
1981-04-26;1.39580603;0.3931848;0;1.788991
1981-04-26;1.89936959;0.2774574;0;2.176827
1981-04-27;8.01484928;0.7627785;0;8.777628
1981-04-27;1.38269987;0.4325033;0;1.815203
1981-04-29;1.68314024;0;0;1.68314
1981-04-29;1.31061599;2.332896;0;3.643512
1981-05-02;0.52555701;1.087811;0;1.613368
1981-05-03;0.94364351;0.5242464;0;1.46789
1981-05-05;1.40560419;0;0;1.405604
1981-05-06;1.54806422;1.572739;0;3.120803
1981-05-11;1.59818087;0;0;1.598181
1981-05-13;1.57273919;2.228047;0;3.800786
1981-05-14;1.51008912;0;0;1.510089
1981-05-16;1.17955439;0.3931848;0;1.572739
1981-05-16;1.69899083;0.1310616;0;1.830052
1981-05-21;2.62123198;0;0;2.621232
1981-05-21;2.33072739;0.4757536;0;2.806481
1981-05-23;0.78636959;0.5714286;0;1.357798
1981-05-24;0.98951507;0.6290957;0;1.618611
1981-05-25;0.65530799;1.310616;0;1.965924
1981-05-28;2.76015727;0.2621232;0;3.02228
1981-05-29;2.62123198;53.60419;0;56.225426
1981-05-31;4.58715596;0.3931848;0;4.980341
1981-06-02;1.98716252;0;0;1.987163
1981-06-14;1.96592398;0;0;1.965924
1981-06-16;2.71129227;0;0;2.711292
1981-06-17;1.70380079;0.1965924;0;1.900393
1981-06-18;1.39580603;0.327654;0;1.72346
1981-06-18;1.57273919;0;0;1.572739
1981-06-19;1.37614679;0.327654;0;1.703801
1981-06-19;2.32634338;0.6933159;0;3.019659
1981-06-21;1.83486239;0;0;1.834862
1981-06-24;0.69724771;0.7221494;0;1.419397
1981-06-29;3.93184797;0.4587156;0;4.390564
1981-06-30;5.24246396;2.621232;0;7.863696
1981-07-01;0.5242464;1.048493;0;1.572739
1981-07-01;1.33661337;0;0;1.336613
1981-07-05;1.70380079;0;0;1.703801
1981-07-07;1.96592398;0.6696986;0;2.635623
1981-07-10;1.43564875;0.4290695;0;1.864718
1981-07-11;1.44167759;0.01607733;0;1.457755
1981-07-11;5.89777195;1.415465;0.24508519;7.558322
1981-07-12;1.68281782;0.0927405;0.255838794;2.031397
1981-07-20;0.98296199;0.3669725;0;1.349934
1981-07-26;1.12505898;0.3414155;0.008387942;1.474862
1981-07-28;3.40760157;1.310616;0.393184797;5.111402
1981-07-30;5.24246396;0;0;5.242464
1981-07-31;1.31061599;0.1310616;0;1.441678
1981-08-04;3.93613893;0;0;3.936139
1981-08-05;4.06290957;0;0;4.06291
1981-08-11;0.98296199;0.3931848;0;1.376147
1981-08-19;1.59895151;0.08519004;0;1.684142
1981-08-19;1.18947837;0.1787693;0.072372215;1.44062
1981-08-25;1.36454915;0;0;1.364549
1981-08-25;0;1.572739;0;1.572739
1981-08-27;2.18542202;0;0;2.185422
1981-08-27;3.281346;0;0;3.281346
1981-08-27;1.36310092;0;0;1.363101
1981-08-28;1.70380079;0.2228047;0.196592398;2.123198
1981-08-28;2.09698558;0.5373526;0;2.634338
1981-08-28;1.83486239;0.2634338;0;2.098296
1981-08-29;1.63826999;1.402898;0.393184797;3.434353
1981-09-01;1.31276278;0.1660328;0;1.478796
1981-09-02;1.31061599;1.310616;0;2.621232
1981-09-03;2.75229358;0.249017;0;3.001311
1981-09-04;1.42973394;0;0;1.429734
1981-09-06;8.12581913;2.096986;0;10.222805
1981-09-09;1.39549803;1.183898;0;2.579396
1981-09-09;1.75535911;0;0;1.755359
1981-09-10;1.47340498;0;0;1.473405
1981-09-11;1.17955439;0.7732634;0;1.952818
1981-09-14;1.77986894;0;0;1.779869
1981-09-15;1.98686239;0;0;1.986862
1981-09-16;1.53997379;0.3997379;0;1.939712
1981-09-17;1.67590039;0;0;1.6759
1981-09-17;0;1.572739;0;1.572739
1981-09-19;1.83486239;0.03473132;0.655307995;2.524902
1981-09-19;14.02359109;0;0.655307995;14.678899
1981-09-20;2.0904325;0.7470511;0.196592398;3.034076
1981-09-21;1.04849279;0.9305374;0;1.97903
1981-09-22;4.62714286;1.310616;0;5.937759
1981-09-26;0.3931848;1.048493;0;1.441678
1981-09-29;0;2.621232;0;2.621232
1981-10-01;1.70380079;0.3342071;0;2.038008
1981-10-03;0.47837484;2.49017;0.786369594;3.754915
1981-10-07;1.96592398;0.4718218;0;2.437746
1981-10-07;1.70203145;0;0;1.702031
1981-10-11;5.48341153;1.626459;0;7.10987
1981-10-15;2.01965924;0;0;2.019659
1981-10-17;1.85049017;0;0;1.85049
1981-10-18;1.21887287;0.1970773;0;1.41595
1981-10-22;2.24115334;3.800786;1.651376147;7.693316
1981-10-25;1.44167759;1.572739;0;3.014417
1981-10-27;1.37614679;0.3931848;0.589777195;2.359109
1981-10-28;1.00253866;0.5897772;0;1.592316
1981-11-01;1.03538663;0.3538663;0;1.389253
1981-11-01;1.33296855;0;0;1.332969
1981-11-03;1.17955439;0.2437746;0;1.423329
1981-11-03;0.99198952;1.330274;0.655307995;2.977571
1981-11-05;1.38735518;0;0;1.387355
1981-11-05;0.8768021;0.5281782;0;1.40498
1981-11-08;1.96592398;0.655308;0;2.621232
1981-11-13;2.44429882;1.179554;0.655307995;4.279161
1981-11-15;1.57273919;0.0327654;0;1.605505
1981-11-16;1.70380079;0.3079948;0;2.011796
1981-11-17;1.31061599;0.9567497;0;2.267366
1981-11-17;1.46465007;0;0;1.46465
1981-11-19;1.27707995;2.096986;0;3.374066
1981-11-22;0.35187418;1.138925;0;1.490799
1981-11-24;1.57273919;0.5242464;0;2.096986
1981-11-25;1.09979685;0.4703696;0;1.570166
1981-11-25;1.04849279;0.327654;0;1.376147
1981-12-01;2.62123198;0.5242464;0;3.145478
1981-12-07;8.45373526;0;0;8.453735
1981-12-10;0.80523591;2.228047;0;3.033283
1981-12-13;0.0982962;1.965924;0;2.06422
1981-12-14;5.24246396;1.179554;0;6.422018
1981-12-14;1.89878768;0;0;1.898788
1981-12-18;1.31061599;0.1795544;0;1.49017
1981-12-21;2.88335518;47.18218;0;50.065531
1981-12-21;1.44167759;0.1179554;0;1.559633
1981-12-22;0;1.965924;0;1.965924
1981-12-28;1.80005242;0;0;1.800052
1981-12-29;2.09698558;0.327654;0;2.42464
1981-12-29;0;1.310616;0;1.310616
1981-12-31;1.31061599;0.3014417;0;1.612058
1982-01-06;2.08085612;2.140309;0;4.221165
1982-01-08;0.78478002;0.4756243;0;1.260404
1982-01-08;1.11802616;0.2856671;0;1.403693
1982-01-09;1.07015458;0.2271106;0;1.297265
1982-01-13;1.66698098;0.2605113;0;1.927492
1982-01-13;1.42687277;0.488585;0;1.915458
1982-01-14;1.20745184;0;0;1.207452
1982-01-17;0;5.698583;0;5.698583
1982-01-21;1.72413793;0.1783591;0;1.902497
1982-01-22;0.71343639;0.475698;0;1.189134
1982-01-22;1.73569322;8.442331;0;10.178024
1982-01-22;0;0.3602449;1.241834721;1.60208
1982-01-24;0;4.161712;0;4.161712
1982-01-28;2.36304994;0;0;2.36305
1982-01-29;1.90740428;0.05763971;0;1.965044
1982-02-01;1.62689298;0.3190892;0;1.945982
1982-02-01;2.85374554;0;0;2.853746
1982-02-03;0.921522;0.280918;0;1.20244
1982-02-04;3.92390012;6.896552;0;10.820452
1982-02-04;1.58876338;0;0;1.588763
1982-02-04;1.65045184;0.4458977;0;2.09635
1982-02-05;4.75624257;0;0.713436385;5.469679
1982-02-07;1.10225922;0.7907253;0;1.892985
1982-02-08;1.4863258;0.5469679;0;2.033294
1982-02-09;0.65398335;0.9512485;0;1.605232
1982-02-16;1.20689655;0.196195;0;1.403092
1982-02-22;0.9274673;0.2675386;0;1.195006
1982-02-25;2.85374554;0.39239;0;3.246136
1982-02-27;1.26312247;0;0;1.263122
1982-02-27;0.59453032;2.378121;0;2.972652
1982-02-28;1.1038799;0.1010702;0;1.20495
1982-02-28;1.88127348;0;0;1.881273
1982-02-28;1.18906064;0.5945303;0;1.783591
1982-03-07;1.78359096;2.140309;0;3.9239
1982-03-07;1.90249703;0;0;1.902497
1982-03-10;1.6646849;0;0;1.664685
1982-03-10;1.4801736;2.972652;0;4.452825
1982-03-19;1.20471463;0.1189061;0;1.323621
1982-03-20;1.18906064;0.4161712;0;1.605232
1982-03-22;9.6313912;15.33888;0;24.970273
1982-03-25;2.73483948;0;0;2.734839
1982-03-29;1.78359096;0;0;1.783591
1982-04-05;0.91914388;0.7134364;0.178359096;1.810939
1982-04-05;1.08204518;1.032105;0;2.11415
1982-04-11;1.30796671;0.08323424;0;1.391201
1982-04-12;1.34601665;0;0;1.346017
1982-04-12;1.50738407;0;0;1.507384
1982-04-14;1.10814507;0.8323424;0;1.940488
1982-04-14;2.37812128;0.1533294;0.038347206;2.569798
1982-04-18;1.58076576;0;0;1.580766
1982-04-18;1.40903686;0.078478;0;1.487515
1982-04-20;0;1.307967;0.214030916;1.521998
1982-04-21;1.44351962;0.2473246;0;1.690844
1982-04-22;0;1.783591;0;1.783591
1982-04-24;1.12514031;0.1337253;0;1.258866
1982-04-24;1.57374792;0;0;1.573748
1982-04-24;1.22829964;0.2390012;0;1.467301
1982-04-25;2.71370511;0;0;2.713705
1982-04-25;2.6646849;0.07134364;0;2.736029
1982-04-27;1.45659929;0;0;1.456599
1982-04-28;2.13743163;0;0;2.137432
1982-04-28;2.37812128;0.1009691;0;2.47909
1982-05-01;0;1.783591;0.594530321;2.378121
1982-05-01;1.07015458;3.567182;0;4.637337
1982-05-02;0.59453032;0.5945303;0;1.189061
1982-05-03;1.54577883;0;0;1.545779
1982-05-08;1.90249703;0.4399524;0;2.342449
1982-05-12;0;2.337693;0;2.337693
1982-05-16;0.68370987;0.6539834;0.059453032;1.397146
1982-05-23;0.65398335;3.567182;0;4.221165
1982-05-31;1.54577883;0.0941736;0;1.639952
1982-06-03;1.18906064;0.02972652;0;1.218787
1982-06-06;0.83234245;2.853746;0;3.686088
1982-06-07;2.49702735;0;0;2.497027
1982-06-08;2.49702735;0;0;2.497027
1982-06-10;0.95124851;2.972652;1.307966706;5.231867
1982-06-10;0.83234245;0.4756243;0;1.307967
1982-06-11;1.26812485;0;0;1.268125
1982-06-16;1.6646849;0.5005945;0;2.165279
1982-06-17;4.25369917;0.3864935;0;4.640193
1982-06-17;1.78359096;1.189061;0;2.972652
1982-06-22;0.59453032;0.9512485;0.118906064;1.664685
1982-06-24;0.95124851;0.2378121;0;1.189061
1982-06-27;7.72889417;3.567182;0.594530321;11.890606
1982-07-01;2.55648038;0.3091558;0;2.865636
1982-07-01;1.24436742;0;0;1.244367
1982-07-03;0;1.724138;0;1.724138
1982-07-11;5.69560048;0;0;5.6956
1982-07-14;1.24851367;0.1110559;0;1.35957
1982-07-14;2.14030916;3.745541;1.189060642;7.074911
1982-07-15;1.40347562;0;0;1.403476
1982-07-15;1.17507491;0.09416885;0.133174792;1.402419
1982-07-19;0;1.319857;0;1.319857
1982-07-21;1.96481451;1.553158;0.802615933;4.320589
1982-07-24;1.4863258;0.3567182;0;1.843044
1982-07-24;1.1117717;0.3032105;0;1.414982
1982-07-26;0;1.486326;0;1.486326
1982-07-27;4.75624257;0.1897895;0;4.946032
1982-07-28;0.7372176;1.175981;0;1.913199
1982-07-29;3.68608799;9.374554;6.989298454;20.049941
1982-07-29;1.43650773;0;0;1.436508
1982-07-31;3.12960761;2.378121;0;5.507729
1982-08-01;2.25921522;0.9512485;0;3.210464
1982-08-02;1.39932818;0;0;1.399328
1982-08-04;3.57922711;0.6145077;0.808;5.001735
1982-08-04;2.97265161;0.4756243;0;3.448276
1982-08-05;3.09155767;0.4649227;0;3.55648
1982-08-05;1.35756837;0;0;1.357568
1982-08-06;1.23693817;0.8945731;0;2.131511
1982-08-06;1.84188585;0;0;1.841886
1982-08-07;1.42687277;0;0;1.426873
1982-08-09;2.16409037;0.2535077;0;2.417598
1982-08-11;1.25215458;0;0;1.252155
1982-08-12;1.89970273;0;0;1.899703
1982-08-13;1.15645898;0.4027241;0;1.559183
1982-08-20;1.24925327;0;0;1.249253
1982-08-21;1.90324138;0;0;1.903241
1982-08-23;0.95124851;0.4161712;0.237812128;1.605232
1982-08-24;0;1.754034;0.475624257;2.229659
1982-08-27;1.21284185;0;0;1.212842
1982-08-30;2.37812128;1.070155;0;3.448276
1982-09-03;1.24326754;0;0;1.243268
1982-09-06;1.29419501;0.2896861;0.091049941;1.674931
1982-09-08;1.07015458;0.2829964;0;1.353151
1982-09-10;1.42364209;0.3639025;0;1.787545
1982-09-10;1.72413793;0.3127229;0;2.036861
1982-09-13;1.90249703;0.07134364;0;1.973841
1982-09-14;1.64090369;0;0;1.640904
1982-09-18;1.85252913;1.057403;0;2.909932
1982-09-18;2.55095838;0;0;2.550958
1982-09-19;1.42687277;0.08323424;0.297265161;1.807372
1982-09-20;2.97819025;1.024388;0;4.002578
1982-09-22;0.47562426;0.9512485;0;1.426873
1982-09-28;1.78359096;0.5041867;0.055334126;2.343112
1982-09-30;0.93697979;0.451843;0;1.388823
1982-10-01;2.37812128;1.795482;0;4.173603
1982-10-03;1.27853746;0;0;1.278537
1982-10-04;0.23781213;2.857313;0.46373365;3.558859
1982-10-06;0.80142687;0.3987229;0;1.20015
1982-10-16;1.55123424;0;0;1.551234
1982-10-24;1.6996195;0;0;1.69962
1982-10-24;14.57788347;45.1843;5.94530321;65.707491
1982-10-27;6.80004994;18.56005;1.902497027;27.262595
1982-10-27;12.15219976;3.774078;0;15.926278
1982-10-31;1.27949703;0;0;1.279497
1982-11-01;2.04586207;0.541283;0.511296076;3.098441
1982-11-06;2.1146195;0.8323424;0;2.946962
1982-11-07;1.07015458;0.1545779;0;1.224732
1982-11-08;1.07015458;0.4756243;0.118906064;1.664685
1982-11-09;1.31960166;0;0;1.319602
1982-11-11;1.51659929;0;0;1.516599
1982-11-11;1.27323068;0;0;1.273231
1982-11-11;0;1.664685;0;1.664685
1982-11-13;1.30796671;0;0;1.307967
1982-11-15;1.36741974;1.605232;2.497027348;5.469679
1982-11-20;1.24851367;0;0;1.248514
1982-11-21;1.98682521;0;0;1.986825
1982-11-22;1.07015458;0.3567182;0;1.426873
1982-11-23;1.42687277;0;0;1.426873
1982-11-23;2.16409037;0;0;2.16409
1982-11-24;2.14030916;0;0;2.140309
1982-11-25;1.07015458;0.2378121;0;1.307967
1982-11-25;0.41617122;1.082213;0;1.498384
1982-11-27;0.83234245;0.8561237;0;1.688466
1982-12-01;0;1.839949;0;1.839949
1982-12-02;2.37812128;1.997622;0;4.375743
1982-12-02;1.31304875;0.4736433;0;1.786692
1982-12-07;1.65594411;0;0;1.655944
1982-12-09;0.95124851;0.2378121;0;1.189061
1982-12-10;3.85075981;0;0;3.85076
1982-12-10;1.07015458;3.091558;0;4.161712
1982-12-20;1.07015458;1.070155;0;2.140309
1982-12-20;2.14030916;0;0;2.140309
1982-12-20;2.61593341;0;0;2.615933
1982-12-23;4.16171225;0;0;4.161712
1982-12-24;3.80499405;15.70036;2.752875149;22.258226
1982-12-25;2.25921522;0;0;2.259215
1982-12-25;2.73483948;1.545779;0;4.280618
1982-12-25;1.30624732;0;0;1.306247
1982-12-27;4.16171225;1.426873;0;5.588585
1982-12-31;1.01070155;1.783591;0;2.794293
1983-01-03;1.11234705;0.2291435;0.100111235;1.441602
1983-01-03;1.04063181;0.3090145;0;1.349646
1983-01-07;1.39043382;0.1078977;0.066740823;1.565072
1983-01-09;0.97330367;0.1390434;0;1.112347
1983-01-10;1.04558843;0.9818999;0.782675195;2.810164
1983-01-15;0.80358843;0.9798643;0;1.783453
1983-01-18;2.12869855;0;0;2.128699
1983-01-19;4.2269188;0.1223582;0;4.349277
1983-01-23;0;2.71079;0;2.71079
1983-01-24;1.00111235;0.1334816;0;1.134594
1983-01-25;1.93969522;0.5211468;0.162844271;2.623686
1983-01-30;0.46384872;1.696329;0.233592881;2.393771
1983-02-03;1.11234705;4.272525;0.849833148;6.234705
1983-02-08;0.71078977;0.6674082;0;1.378198
1983-02-09;0.88987764;0.32703;0;1.216908
1983-02-11;1.04560623;0.1179088;0;1.163515
1983-02-12;1.12459066;0.7786429;0.556173526;2.459407
1983-02-14;3.55951057;1.167964;0;4.727475
1983-02-14;1.22358176;0.3337041;0;1.557286
1983-02-17;1.00111235;0.3058954;0;1.307008
1983-02-18;2.89210234;0.2513904;0;3.143493
1983-02-20;0.88987764;0.3072303;0;1.197108
1983-02-21;1.1679644;0;0;1.167964
1983-02-24;0;1.112347;0;1.112347
1983-03-18;1.22358176;0.5561735;0;1.779755
1983-03-21;1.49207008;0.1553326;0;1.647403
1983-03-21;1.31202558;0.4116663;0;1.723692
1983-03-22;3.33704116;2.224694;0;5.561735
1983-03-23;1.33481646;0;0;1.334816
1983-03-24;1.44605117;0;0;1.446051
1983-03-28;1.0567297;0.2780868;0;1.334816
1983-04-01;1.11234705;0.4783092;0;1.590656
1983-04-05;0;1.112347;0;1.112347
1983-04-06;1.73376863;0.5200245;0.778642937;3.032436
1983-04-10;2.11790879;1.668521;0;3.786429
1983-04-11;0.16685206;1.668521;0.389321468;2.224694
1983-04-12;1.11234705;1.334816;0;2.447164
1983-04-15;0;10.01112;0;10.011123
1983-04-17;0.82984316;0.3337041;0;1.163547
1983-04-18;1.11234705;0;0;1.112347
1983-04-18;2.48545495;0.6674082;0;3.152863
1983-04-20;3.72636263;0;0;3.726363
1983-04-21;0.44493882;4.004449;0;4.449388
1983-04-21;0.83426029;1.335769;0.111234705;2.281264
1983-04-24;0;2.447164;1.112347052;3.559511
1983-05-04;4.44938821;0;0;4.449388
1983-05-10;0.86985539;0.3392659;0;1.209121
1983-05-13;1.02335929;0.1334816;0;1.156841
1983-05-14;0;2.224694;0;2.224694
1983-05-17;0.66740823;0.5728587;0;1.240267
1983-05-18;0.88987764;0.2693782;0;1.159256
1983-05-24;1.66852058;0;0;1.668521
1983-05-27;1.11234705;1.668521;0.556173526;3.337041
1983-05-29;7.78642937;1.50723;0.778642937;10.072303
1983-06-06;1.66852058;0.4727475;0;2.141268
1983-06-07;1.1679644;0.3070078;0;1.474972
1983-06-10;0;1.112347;0;1.112347
1983-06-10;1.68965517;0;0;1.689655
1983-06-17;1.66852058;0;0;1.668521
1983-06-19;1.22358176;0.3715239;0.022246941;1.617353
1983-06-22;0.44493882;0.6674082;0;1.112347
1983-06-23;1.77975528;0.2780868;0.111234705;2.169077
1983-06-24;0.93770857;0.5561735;0;1.493882
1983-06-29;1.11234705;0.1846496;0.111234705;1.408231
1983-07-01;0;1.612903;0.889877642;2.502781
1983-07-03;2.25806452;0;0;2.258065
1983-07-03;3.55951057;0.1668521;0;3.726363
1983-07-04;0.80839488;1.085305;0;1.8937
1983-07-04;1.70411568;0;0;1.704116
1983-07-07;1.97125139;0.2809466;0.090656285;2.342854
1983-07-08;1.94660734;0;0;1.946607
1983-07-12;1.27919911;0;0;1.279199
1983-07-15;1.51069633;0;0;1.510696
1983-07-17;1.77975528;0.6674082;0;2.447164
1983-07-18;2.72969967;0.6674082;0.278086763;3.675195
1983-07-19;2.02276418;0.3554772;0;2.378241
1983-07-20;1.39043382;0.3503893;0.033370412;1.774194
1983-07-20;0.79577308;0.663515;0.055839822;1.515128
1983-07-25;1.91657397;0.1902113;0.127919911;2.234705
1983-07-25;1.38042269;0.3248053;0.111234705;1.816463
1983-08-02;0;3.448276;0;3.448276
1983-08-05;4.67185762;0;0;4.671858
1983-08-09;0.82313682;0.3337041;0;1.156841
1983-08-16;1.11234705;0.1112347;0;1.223582
1983-08-16;0;3.189052;0.889877642;4.07893
1983-08-17;0.77864294;0.4137931;0;1.192436
1983-08-22;1.20409344;0;0;1.204093
1983-08-22;2.55839822;0;0;2.558398
1983-08-22;1.29032258;0.2280311;0.100111235;1.618465
1983-08-23;1.38042269;0.2636263;0.177975528;1.822024
1983-08-25;1.14085762;0.3022803;0.167426029;1.610564
1983-08-25;1.22358176;0.5595106;0.077864294;1.860957
1983-08-25;4.05784205;3.934228;0;7.99207
1983-08-28;1.44605117;0.3392659;0;1.785317
1983-08-30;4.00444939;0.8898776;0;4.894327
1983-08-31;2.52057842;0;0;2.520578
1983-08-31;0.97886541;0.32703;0.088987764;1.394883
1983-08-31;1.39043382;0;0;1.390434
1983-09-01;1.29717909;0;0;1.297179
1983-09-01;2.2246941;0.8898776;0.556173526;3.670745
1983-09-03;0.88987764;2.986652;0;3.876529
1983-09-03;1.80756396;1.779755;0;3.587319
1983-09-04;1.21904004;0.2189143;0;1.437954
1983-09-05;1.17527475;0;0;1.175275
1983-09-08;1.50166852;0;0;1.501669
1983-09-09;0.55617353;0.6024605;0.347369299;1.506003
1983-09-13;1.49054505;3.100111;1.334816463;5.925473
1983-09-16;5.56173526;5.401557;1.668520578;12.631813
1983-09-16;2.3381535;0.7230256;0;3.061179
1983-09-17;1.01223582;0.2903226;0.133481646;1.43604
1983-09-18;1.77975528;0.2769744;0.22246941;2.279199
1983-09-18;1.03395106;0.4578154;0;1.491766
1983-09-19;4.02002225;2.896532;0;6.916554
1983-09-21;1.45406229;0.1501669;0;1.604229
1983-09-25;1.66852058;0;0;1.668521
1983-09-25;1.15721135;0;0;1.157211
1983-09-27;0;1.209121;0.111234705;1.320356
1983-09-29;0.66740823;2.780868;0;3.448276
1983-10-01;1.69767519;0.2780868;0;1.975762
1983-10-02;1.33481646;0.4771969;0.044493882;1.856507
1983-10-03;1.66852058;0.3337041;0;2.002225
1983-10-03;2.3415762;2.402754;0.556173526;5.300504
1983-10-05;3.00333704;1.001112;0;4.004449
1983-10-06;1.1244683;0;0;1.124468
1983-10-07;1.54649499;0;0;1.546495
1983-10-11;2.2246941;0.3337041;0;2.558398
1983-10-20;0;1.479166;0;1.479166
1983-10-22;0.06084538;1.131813;0.066740823;1.259399
1983-10-22;0;3.197998;0;3.197998
1983-10-24;2.00222469;0.7786429;0.333704116;3.114572
1983-10-27;1.00111235;0.3114572;0;1.31257
1983-11-01;3.55951057;1.779755;0.333704116;5.67297
1983-11-13;7.23025584;6.117909;0;13.348165
1983-11-15;5.65850945;5.773081;0;11.431591
1983-11-16;2.66963293;1.311457;0.278086763;4.259177
1983-11-23;0.64682981;2.108206;0.611790879;3.366826
1983-11-25;0.77864294;0.3337041;0;1.112347
1983-11-26;0;1.112347;0;1.112347
1983-11-28;0.88987764;0.5561735;0;1.446051
1983-11-30;1.44605117;0.6270634;0;2.073115
1983-12-07;1.22358176;0;0;1.223582
1983-12-15;1.0567297;0.5561735;0;1.612903
1983-12-17;1.01223582;0.1123471;0.194660734;1.319244
1983-12-19;0.65628476;0.4727475;0;1.129032
1983-12-20;1.77975528;0.5561735;0;2.335929
1983-12-23;1.11234705;0.6117909;0;1.724138
1983-12-24;6.67408231;4.449388;0;11.123471
1983-12-25;1.11234705;0.5561735;0;1.668521
1983-12-25;0;1.557286;0;1.557286
1983-12-27;1.55728587;0;0;1.557286
1983-12-27;1.93331146;0;0;1.933311
1983-12-27;1.59065628;0.1334816;0;1.724138
1983-12-30;0.94549499;0.5561735;0;1.501669
1984-01-01;1.20418848;0.898534;0.104712042;2.207435
1984-01-01;0.83769634;0.2094241;0;1.04712
1984-01-02;1.05886911;0.3141361;0.052356021;1.425361
1984-01-04;1.32984293;0.03141361;0;1.361257
1984-01-07;0;2.094241;7.219895288;9.314136
1984-01-08;1.64489005;0;0;1.64489
1984-01-09;0;2.617801;0;2.617801
1984-01-10;2.41441047;0.1267016;0;2.541112
1984-01-14;0;1.256545;0.314136126;1.570681
1984-01-15;1.2565445;0;0;1.256545
1984-01-31;0.94240838;0.2020942;0.314136126;1.458639
1984-02-06;1.04712042;0;0;1.04712
1984-02-07;1.97382199;0.2575916;0;2.231414
1984-02-07;2.19895288;0;0;2.198953
1984-02-16;0;5.026178;0;5.026178
1984-02-25;1.67539267;0.7329843;0;2.408377
1984-02-28;1.05298429;0.5991937;0;1.652178
1984-02-29;1.15183246;0;0;1.151832
1984-03-06;0.80555183;0.2452241;0.268907853;1.319684
1984-03-06;2.61780105;0.08376963;0;2.701571
1984-03-06;2.19895288;0.3455497;0;2.544503
1984-03-07;1.78010471;0.5759162;0;2.356021
1984-03-07;0;1.256545;0;1.256545
1984-03-08;1.2565445;0.4188482;0;1.675393
1984-03-09;1.36125654;0;0;1.361257
1984-03-12;0.73298429;3.141361;0;3.874346
1984-03-15;0.87958115;0.8900524;0;1.769634
1984-03-17;0.65968586;0.4586387;0;1.118325
1984-03-17;1.72774869;0.4816754;0;2.209424
1984-03-19;0.83036649;0.2680628;0;1.098429
1984-03-25;1.15183246;0;0;1.151832
1984-03-27;2.38783351;0.5759162;0;2.96375
1984-03-28;2.61780105;9.005236;0;11.623037
1984-03-28;11.08167539;3.211518;0;14.293194
1984-04-03;1.2565445;0.03141361;0;1.287958
1984-04-07;1.46596859;0;0;1.465969
1984-04-14;3.15183246;9.424084;1.047120419;13.623037
1984-04-19;0.41256545;0.6680628;0.04921466;1.129843
1984-04-19;1.28272251;0.5340314;0.586387435;2.403141
1984-04-22;4.18848168;1.256545;0;5.445026
1984-04-25;0.83350785;0.2134031;0;1.046911
1984-04-26;1.0591623;0;0;1.059162
1984-04-26;0;2.094241;0;2.094241
1984-04-26;0;1.855497;0;1.855497
1984-04-27;1.57068063;0;0;1.570681
1984-04-27;1.36125654;0.5759162;0;1.937173
1984-04-30;1.78010471;0.2136126;0.209424084;2.203141
1984-05-02;2.09424084;0.3664921;0;2.460733
1984-05-12;1.08730262;0.3403141;0;1.427617
1984-05-12;1.2565445;0.321466;0.157068063;1.735079
1984-05-13;2.61780105;1.465969;0;4.08377
1984-05-14;1.15183246;0.9005236;0.104712042;2.157068
1984-05-19;1.46596859;0;0;1.465969
1984-05-20;0.54031414;0.6282723;0;1.168586
1984-05-20;1.04712042;0.07329843;0.104712042;1.225131
1984-05-29;0;1.151832;0;1.151832
1984-06-01;3.45549738;0.3141361;0;3.769634
1984-06-01;1.05316754;0;0.041884817;1.095052
1984-06-04;1.15183246;0.05235602;0;1.204188
1984-06-07;0;2.617801;0;2.617801
1984-06-08;1.36125654;0.5099476;0;1.871204
1984-06-08;2.09424084;2.303665;0;4.397906
1984-06-08;3.35078534;1.256545;0;4.60733
1984-06-11;0.52356021;15.50512;2.617801047;18.646484
1984-06-14;1.04712042;0;0;1.04712
1984-06-18;0;1.04712;0;1.04712
1984-06-19;1.04712042;0;0;1.04712
1984-06-19;0.10471204;15.70681;0;15.811518
1984-06-22;0;1.497382;0.492146597;1.989529
1984-06-24;1.04712042;0;0;1.04712
1984-06-24;1.02617801;0.2303665;0;1.256545
1984-07-01;0.94240838;0.2094241;0;1.151832
1984-07-05;0.89005236;0.1832461;0;1.073298
1984-07-09;1.06415812;0.1302628;0;1.194421
1984-07-12;0.94240838;0.1219529;0;1.064361
1984-07-12;1.25549738;0.1287958;0;1.384293
1984-07-12;0.73298429;0.3874346;0.010471204;1.13089
1984-07-15;1.15183246;0;0;1.151832
1984-07-17;1.67539267;0.1183246;0;1.793717
1984-07-20;1.14136126;0;0;1.141361
1984-07-23;0.90756545;0.6991623;0.02617801;1.632906
1984-07-27;1.57068063;1.073298;0;2.643979
1984-08-01;1.08376963;0.2031267;0;1.286896
1984-08-01;1.30890052;3.141361;0;4.450262
1984-08-01;1.04712042;0.1895288;0;1.236649
1984-08-02;1.36125654;0.5979058;0;1.959162
1984-08-04;0.98162618;0.2094241;0;1.19105
1984-08-05;0.2408377;0.6338052;0.439790576;1.314434
1984-08-07;1.46596859;0.5235602;0;1.989529
1984-08-09;1.0338199;0.4429152;0.172835602;1.649571
1984-08-10;2.30366492;0.4188482;0;2.722513
1984-08-11;0.63532565;0.3994429;0.097652356;1.132421
1984-08-16;1.78010471;0;0;1.780105
1984-08-17;0.81151832;0.7958115;0;1.60733
1984-08-20;0.31413613;0.8900524;0;1.204188
1984-08-20;0.83769634;0.2356021;0;1.073298
1984-08-20;0.96335079;0.1361257;0;1.099476
1984-08-21;1.19371728;0.2020942;0.010471204;1.406283
1984-08-21;1.96544503;0;0;1.965445
1984-08-26;2.40837696;0.6930335;0.261780105;3.363191
1984-08-28;1.57068063;0;0;1.570681
1984-08-28;1.2565445;0;0;1.256545
1984-08-29;1.57068063;1.19176;0;2.762441
1984-08-31;0.73140733;0.3350785;0;1.066486
1984-08-31;0.83769634;0.3648618;0.17539267;1.377951
1984-09-02;0.92957277;0.3706806;0;1.300253
1984-09-04;1.0052356;0.3141361;0;1.319372
1984-09-05;2.19895288;1.204188;0;3.403141
1984-09-09;1.36125654;0;0;1.361257
1984-09-09;0.20942408;0.9685864;0;1.17801
1984-09-10;3.66492147;0.6282723;0;4.293194
1984-09-11;3.14136126;0.8293194;0.837696335;4.808377
1984-09-11;0;1.04712;0.052356021;1.099476
1984-09-14;1.87958115;0.3403141;0;2.219895
1984-09-15;1.57068063;1.04712;0;2.617801
1984-09-18;1.36125654;0.07323979;0;1.434496
1984-09-23;0.73298429;0.3141361;0;1.04712
1984-09-26;2.51308901;0;0;2.513089
1984-09-26;1.45549738;0.1345487;0.031413613;1.62146
1984-09-28;10.47120419;6.387435;2.303664921;19.162304
1984-09-30;1.57068063;0;0;1.570681
1984-10-01;2.30366492;0;0;2.303665
1984-10-03;1.4958;0.3340482;0.015706806;1.845555
1984-10-04;0;1.04712;0;1.04712
1984-10-04;1.57068063;0.4188482;0;1.989529
1984-10-06;1.88481675;0.9424084;0;2.827225
1984-10-08;1.2565445;0;0;1.256545
1984-10-09;3.97905759;0;0;3.979058
1984-10-10;0;1.361257;0;1.361257
1984-10-10;1.30890052;0.3246073;0;1.633508
1984-10-24;16.7539267;2.094241;0;18.848168
1984-10-28;0.7591623;0.3664921;0;1.125654
1984-10-29;4.3177445;0.5689853;0.418848168;5.305578
1984-11-01;1.15183246;0.05235602;0.523560209;1.727749
1984-11-02;1.1548712;0.0104712;0;1.165342
1984-11-04;0.20942408;0.9424084;0;1.151832
1984-11-05;1.2565445;0;0;1.256545
1984-11-07;1.8617801;1.183246;0.523560209;3.568586
1984-11-07;4.39790576;2.837696;0;7.235602
1984-11-07;1.57068063;0;0;1.570681
1984-11-10;2.72251309;4.921466;0;7.643979
1984-11-13;1.46596859;0.6036785;0.052356021;2.122003
1984-11-14;1.04712042;1.884817;0;2.931937
1984-11-15;0.94240838;0.3455497;0;1.287958
1984-11-17;1.06800733;0;0;1.068007
1984-11-17;0.94240838;0.3332063;0;1.275615
1984-11-23;1.62303665;0;0;1.623037
1984-11-23;1.9895288;0.6806283;0;2.670157
1984-12-02;1.2565445;0;0;1.256545
1984-12-03;1.10304817;0;0;1.103048
1984-12-03;0.94240838;0.2617801;0;1.204188
1984-12-08;1.15183246;0;0;1.151832
1984-12-08;1.88481675;0;0;1.884817
1984-12-10;3.66492147;3.874346;0;7.539267
1984-12-11;0.83769634;0.2617801;0;1.099476
1984-12-12;0.62827225;0.7329843;0.209424084;1.570681
1984-12-13;2.61780105;0.05235602;0;2.670157
1984-12-17;0.10471204;1.04712;0;1.151832
1984-12-19;1.78010471;2.094241;0;3.874346
1984-12-22;3.97905759;1.04712;0;5.026178
1984-12-28;1.78010471;0;0;1.780105
1984-12-29;1.83246073;2.408377;0.523560209;4.764398
1984-12-31;0.83769634;0.3141361;0;1.151832
1985-01-01;1.5;0;0;1.5
1985-01-03;1.05;0.201;0;1.251
1985-01-04;0.65;0.38;0;1.03
1985-01-05;0.9;0.15;0;1.05
1985-01-05;1.5;0.4;0;1.9
1985-01-05;1.1;0;0;1.1
1985-01-06;1.5;0.18175;0.2;1.88175
1985-01-07;0.705;0.302;0;1.007
1985-01-07;1.63;0;0;1.63
1985-01-07;0.85;0.175;0;1.025
1985-01-08;0.893929;0.113345;0;1.007274
1985-01-08;3.5;0;0;3.5
1985-01-10;2.9;0;0;2.9
1985-01-11;1.956566;0.506571;0;2.463137
1985-01-11;3.05;0.8;0.775;4.625
1985-01-11;0.9;0.13;0;1.03
1985-01-11;0;1.4;0;1.4
1985-01-12;1.077075;0;0;1.077075
1985-01-12;0.75;0.57;0;1.32
1985-01-13;2.6;0;0;2.6
1985-01-13;0.9;0.16;0.02;1.08
1985-01-14;1.34;0.047;0.13;1.517
1985-01-16;0.7;0.37;0;1.07
1985-01-17;0.725;1.391823;0.14;2.256823
1985-01-20;1.422949;0.365464;0;1.788413
1985-01-22;0.132562;0.962934;0.1834;1.278896
1985-01-24;2.993574;1.0345;0.581;4.609074
1985-01-25;1.191;1.992;0;3.183
1985-01-28;1.2;0;0;1.2
1985-01-28;1.75;0.993;0;2.743
1985-01-30;0.6;1.7;0.7;3
1985-01-31;1.008938;0;0;1.008938
1985-02-08;0.9;0.1;0.004084;1.004084
1985-02-10;0.75;1.1;0;1.85
1985-02-11;1.520994;0;0;1.520994
1985-02-11;0.85;0.386535;0.013554;1.250089
1985-02-11;1;0;0;1
1985-02-12;1.5;0.291;0.165;1.956
1985-02-14;0;1;0.05;1.05
1985-02-15;2.26;0.519;0;2.779
1985-02-16;7.4;9.437567;5.3;22.137567
1985-02-17;1.02;0.375;0.05;1.445
1985-02-17;0.8001;0.205;0;1.0051
1985-02-19;0;1;0;1
1985-02-19;1;0;0;1
1985-02-20;0.95;15.35;0;16.3
1985-02-20;0;1.11;0;1.11
1985-02-21;1.475;0;0;1.475
1985-02-21;0.71799;0.331883;0;1.049873
1985-02-23;1.12;0.633542;0;1.753542
1985-02-25;1.8;4.343355;0;6.143355
1985-02-27;1.23;0;0;1.23
1985-03-03;1.57;0.369;0;1.939
1985-03-04;4;32.5;10;46.5
1985-03-05;1.241472;0;0;1.241472
1985-03-11;2;1.4;0;3.4
1985-03-12;0;1;0;1
1985-03-17;4.8;1.4;0;6.2
1985-03-19;0;1.966237;0;1.966237
1985-03-20;0.67;1;0.5;2.17
1985-03-22;1.296;0;0;1.296
1985-03-23;0.705;0.75;0.1;1.555
1985-03-27;0.9;0.15;0.1;1.15
1985-03-28;0.985;0.345;0;1.33
1985-03-28;2.874285;1.226835;0.023165;4.124285
1985-04-11;0.6;0.794239;0;1.394239
1985-04-12;3.6;0.516228;0.645;4.761228
1985-04-14;0.5;3.2;1.168852;4.868852
1985-04-19;0;4;0;4
1985-04-21;0.6;0.7;0.3;1.6
1985-04-24;3.5;3.585;0;7.085
1985-04-26;0.216;0.924054;0.625;1.765054
1985-04-27;2.963;2.703594;0.64006;6.306654
1985-04-28;0.5;0.75;0;1.25
1985-04-28;0.8;0.4;0;1.2
1985-04-29;0;1.136412;0.09;1.226412
1985-04-30;0;4.3;2.263;6.563
1985-04-30;0;2.5;1.67;4.17
1985-05-02;2.4;0.28;0;2.68
1985-05-02;0.74;0.26;0.075;1.075
1985-05-04;1.932957;0;0;1.932957
1985-05-05;0.775;0.6;0;1.375
1985-05-06;0.9;0.35;0;1.25
1985-05-07;2.2;1.03;0.15;3.38
1985-05-09;0.95;0.4051;0.025;1.3801
1985-05-14;1.783;0.5;0;2.283
1985-05-15;0.75;1.6;0;2.35
1985-05-26;2.8;0.35;0;3.15
1985-05-27;1.9;0.45;1;3.35
1985-05-28;4;0;0;4
1985-05-28;0;8;2.5;10.5
1985-05-29;2.35;0.54;0;2.89
1985-05-31;0;3;2.5;5.5
1985-05-31;1.2;1.6;0;2.8
1985-06-01;0.98;0.28;0;1.26
1985-06-02;0.9;0.2;0;1.1
1985-06-06;0.5;0.658759;0.968;2.126759
1985-06-10;0.5;1.7;0;2.2
1985-06-11;1.05;0.02;0;1.07
1985-06-12;6.8;2.4;0;9.2
1985-06-13;1.5;0;0;1.5
1985-06-15;0.8;0.85;0;1.65
1985-06-16;2.4;9.825;0;12.225
1985-06-18;1.3;0.1;0;1.4
1985-06-19;4.5;8.739;1;14.239
1985-06-22;0.95;0.135;0;1.085
1985-06-22;0.85;0.2;0;1.05
1985-06-27;1.35;1.3;0;2.65
1985-06-27;1.3;0.423;0.4;2.123
1985-06-28;3;2.2;0;5.2
1985-06-28;1.225;0.6;0;1.825
1985-06-29;1.1;0;0;1.1
1985-07-02;0.9;0.1;0;1
1985-07-02;0.6;1.3;0.165;2.065
1985-07-06;0.97;0.3074;0;1.2774
1985-07-06;0.65;0.545;0;1.195
1985-07-07;1.2;0;0;1.2
1985-07-07;1.1;0;0;1.1
1985-07-08;1.4;0;0;1.4
1985-07-13;1.4;0.175;0.01;1.585
1985-07-15;2.165042;1.1;0;3.265042
1985-07-15;0.9;0.3;0;1.2
1985-07-16;2.015;0.218;0.2;2.433
1985-07-22;1.6;0;0;1.6
1985-07-28;0;2;0;2
1985-08-02;0.76;2;2;4.76
1985-08-03;0.94;0.225;0;1.165
1985-08-04;1.345;0.027;0;1.372
1985-08-06;1.2;0;0;1.2
1985-08-06;0.05;1.2;0.4;1.65
1985-08-06;1.3;0.4;0;1.7
1985-08-07;0;1.3;0;1.3
1985-08-14;0.7;0.4;0;1.1
1985-08-16;1.1;0;0;1.1
1985-08-19;0.82;0.421012;0;1.241012
1985-08-19;0.76;0.245;0;1.005
1985-08-20;1;2.25;0.032;3.282
1985-08-21;0.96;0.09;0;1.05
1985-08-23;41.213;15.62;0.577636;57.410636
1985-08-24;0.91;0.142;0.036;1.088
1985-08-24;0.925;0.193;0;1.118
1985-08-25;1.8;0.57;0.3;2.67
1985-08-28;0.9649;0.11;0;1.0749
1985-08-30;2.141;0;0;2.141
1985-08-31;5;0.85;0;5.85
1985-09-02;2;10;2.3;14.3
1985-09-04;0.1;1.23;0.641;1.971
1985-09-07;1;0.7;0;1.7
1985-09-08;1.213;4.434;0.52;6.167
1985-09-11;1;0.05;0;1.05
1985-09-12;0.861058;0.295;0;1.156058
1985-09-13;2.6;0.65215;0.33;3.58215
1985-09-15;3;10.5;0;13.5
1985-09-19;0.915;0.2865;0;1.2015
1985-09-19;1.4;0.25;0;1.65
1985-09-23;1.01;0.1546;0.213;1.3776
1985-09-24;3.8;0;0;3.8
1985-09-25;0.892;0.425;0.0085;1.3255
1985-09-25;3.9;0.05;0.1;4.05
1985-09-29;5;1.2;0.5;6.7
1985-10-02;0.96;0.2;0;1.16
1985-10-03;1.5;0;0;1.5
1985-10-06;0.8;0.26;0;1.06
1985-10-10;1.134699;0.356588;0;1.491287
1985-10-11;1.661813;0.32;0;1.981813
1985-10-12;1.5;0;0;1.5
1985-10-12;2.8;0.31436;0.1;3.21436
1985-10-12;2.25;1.8;0.05;4.1
1985-10-13;0.6;0.4;0;1
1985-10-16;0;10.7;0;10.7
1985-10-17;5.6;13.8;0;19.4
1985-10-17;1.605603;0;0;1.605603
1985-10-18;1.05;0.082;0;1.132
1985-10-18;2.255;0;0;2.255
1985-10-19;2;0.02;0;2.02
1985-10-20;1.231;0;0;1.231
1985-10-22;1.9;1.4;0.8;4.1
1985-10-25;1.23;6;0;7.23
1985-10-26;0.75;1.1;0;1.85
1985-10-29;1;0;0;1
1985-10-30;1;1.5;0.06;2.56
1985-11-05;1.5;0.053;0;1.553
1985-11-05;1.7;0;0;1.7
1985-11-06;1.045472;0;0;1.045472
1985-11-06;0.95;0.104;0;1.054
1985-11-10;0.5;0.5;0;1
1985-11-13;1.31;5.4;2;8.71
1985-11-16;0.5;1;0;1.5
1985-11-17;1.5;0;0;1.5
1985-11-18;1.26106;0;0;1.26106
1985-11-19;0.9;0.155;0;1.055
1985-11-27;1.136;0.116;0.03;1.282
1985-11-29;0.2;1.1;0;1.3
1985-12-03;1.3;0;0;1.3
1985-12-04;1.1;0.172078;0.15;1.422078
1985-12-06;0.8;0.2;0;1
1985-12-07;1.2;0;0;1.2
1985-12-08;1.3;0.55;0;1.85
1985-12-10;1.02;0.16;0;1.18
1985-12-11;0.501;0.542;0;1.043
1985-12-11;0.9;0.1;0;1
1985-12-11;0.6;1;0;1.6
1985-12-11;1;4.5;0.1;5.6
1985-12-16;1.3;0.5;0;1.8
1985-12-18;0;1.5;1;2.5
1985-12-20;0.4;1.25;0.1;1.75
1985-12-29;1.45;0;0;1.45
1986-01-02;0.77145612;0.6894889;0;1.460945
1986-01-03;1.15718419;0;0;1.157184
1986-01-04;1.18495661;0.291514;0.019286403;1.495757
1986-01-05;1.35004822;2.89296;0.964320154;5.207329
1986-01-07;3.37512054;0.3085824;0;3.683703
1986-01-09;1.44648023;0;0;1.44648
1986-01-11;1.03865767;0;0;1.038658
1986-01-12;1.2536162;0;0;1.253616
1986-01-13;0.86788814;0.192864;0;1.060752
1986-01-13;0.24108004;1.157184;0;1.398264
1986-01-14;0.72324012;0.5785921;0.096432015;1.398264
1986-01-14;0;2.4108;0;2.4108
1986-01-16;1.39826422;0.04358727;0;1.441851
1986-01-16;0.67502411;0.9643202;0;1.639344
1986-01-19;0.84860174;0.2020251;0;1.050627
1986-01-21;1.06075217;0.6943105;0;1.755063
1986-01-24;2.31436837;2.16972;0;4.484089
1986-01-27;1.28736741;0.3905497;0;1.677917
1986-01-27;0.77145612;0.289296;0;1.060752
1986-01-30;0.84860174;0.1513983;0;1
1986-01-31;2.31436837;0.7685632;0;3.082932
1986-02-01;0.89199614;0.3857281;0;1.277724
1986-02-04;1.06075217;0.1465767;0;1.207329
1986-02-04;0.96432015;0.9643202;0;1.92864
1986-02-05;0.77145612;0.2314368;0;1.002893
1986-02-05;0.77145612;0.3182257;0;1.089682
1986-02-07;1.45932015;0.2988091;0;1.758129
1986-02-11;1.44648023;0;0;1.44648
1986-02-12;1.2536162;0.3375121;0;1.591128
1986-02-12;0.38572806;0.4339441;0.289296046;1.108968
1986-02-13;0.6171649;0.359026;0.046918997;1.02311
1986-02-14;1.92864031;0;0.072324012;2.000964
1986-02-15;0.90794696;0.3190492;0.087314368;1.314311
1986-02-16;1.10414658;0.9643202;0;2.068467
1986-02-16;2.12150434;0.8360656;0.128254581;3.085824
1986-02-18;0.96432015;5.834137;0;6.798457
1986-02-19;1.63934426;0;0;1.639344
1986-02-21;0.46287367;0.5014465;0.675024108;1.639344
1986-02-28;0.94021215;0.289296;0;1.229508
1986-02-28;1.44648023;0.289296;0;1.735776
1986-02-28;2.41062295;0.4127936;0;2.823417
1986-03-01;2.5072324;0;0;2.507232
1986-03-03;1.44082932;0.1928872;0.233023144;1.86674
1986-03-03;4.33944069;0;0.096432015;4.435873
1986-03-04;1.92864031;0;0;1.92864
1986-03-04;0.96432015;0.09643202;0;1.060752
1986-03-05;1.15323047;0.5882353;0;1.741466
1986-03-07;2.41080039;0.4821601;0.192864031;3.085824
1986-03-08;4.33944069;7.714561;0;12.054002
1986-03-08;1.15718419;0;0;1.157184
1986-03-09;2.12150434;0.289296;0;2.4108
1986-03-10;1.44648023;0.1118611;0;1.558341
1986-03-16;1.35004822;0;0;1.350048
1986-03-19;0.77145612;2.4108;0;3.182257
1986-03-19;1.35053038;0.5501331;0;1.900663
1986-03-19;0.48216008;1.350048;0.482160077;2.314368
1986-03-22;0;3.375121;0.332690453;3.707811
1986-03-23;2.70009643;0.5062681;0;3.206365
1986-03-30;0.91610415;0.144648;0;1.060752
1986-04-01;1.44648023;0;0;1.44648
1986-04-02;0.48216008;0.6750241;0;1.157184
1986-04-02;1.83220829;2.4108;0.964320154;5.207329
1986-04-02;2.70009643;0.4821601;0.482160077;3.664417
1986-04-03;1.49469624;0.1645323;0;1.659229
1986-04-03;0.38572806;2.121504;0;2.507232
1986-04-07;0.19286403;0.5882353;2.410800386;3.1919
1986-04-07;2.94117647;13.50048;0;16.441659
1986-04-08;0.84860174;0.2343298;0;1.082932
1986-04-08;2.41080039;0;0;2.4108
1986-04-10;2.79652845;0.5834233;0.289296046;3.669248
1986-04-10;0.98842816;0.192864;0;1.181292
1986-04-10;12.15043394;7.232401;9.643201543;29.026037
1986-04-11;3.37512054;1.44648;0.096432015;4.918033
1986-04-11;0.95564127;0.192864;0;1.148505
1986-04-16;0.77145612;0.6750241;0.096432015;1.542912
1986-04-17;1.2536162;0.3134041;0;1.56702
1986-04-18;1.15718419;0.09643202;0;1.253616
1986-04-19;0.96432015;0.4821601;0.096432015;1.542912
1986-04-22;1.44648023;0.3857281;0;1.832208
1986-04-24;0.48216008;1.157184;0.024108004;1.663452
1986-04-26;0.96432015;0.3134041;0;1.277724
1986-04-27;1.21533462;1.228255;0;2.443589
1986-04-28;0;2.89296;0;2.89296
1986-04-30;2.89296046;0.24108;0;3.134041
1986-05-01;0;0.6750241;1.928640309;2.603664
1986-05-02;0.80038573;2.89296;0.096432015;3.789778
1986-05-03;0;1.735776;0.166827387;1.902604
1986-05-03;2.89290743;0.2989392;0.578592093;3.770439
1986-05-05;0.89681774;0.2700096;0;1.166827
1986-05-06;1.05207329;0.07425265;0.06268081;1.189007
1986-05-07;1.15718419;0.1639344;0;1.321119
1986-05-12;1.2536162;0.4821601;0;1.735776
1986-05-12;0.96432015;8.678881;2.892960463;12.536162
1986-05-13;0.98360656;0.3375121;0;1.321119
1986-05-15;0;0.8678881;0.289296046;1.157184
1986-05-16;1.92864031;2.89296;0.964320154;5.785921
1986-05-21;1.35004822;0.4821601;0;1.832208
1986-05-21;1.30183221;0.08714754;0;1.38898
1986-05-22;1.10896818;0.09643202;0;1.2054
1986-05-24;0.14464802;0;0.964320154;1.108968
1986-05-28;1.44648023;0.2635911;0.019286403;1.729358
1986-05-30;0;0.6750241;0.964320154;1.639344
1986-06-01;0.84663645;0.2410116;0;1.087648
1986-06-06;1.15718419;0.3857281;0;1.542912
1986-06-09;1.43201543;0;0;1.432015
1986-06-10;0.72324012;1.44648;0;2.16972
1986-06-14;2.02507232;3.375121;0;5.400193
1986-06-20;3.37512054;2.4108;0;5.785921
1986-06-22;0.77145612;0.5785921;0;1.350048
1986-06-22;5.78592093;0;0.289296046;6.075217
1986-06-26;2.89296046;11.57184;3.857280617;18.322083
1986-06-26;1.15718419;0;0;1.157184
1986-06-29;0.53037608;1.060752;0;1.591128
1986-06-30;1.06075217;0.8678881;0;1.92864
1986-06-30;1.35004822;0.09643202;0;1.44648
1986-06-30;1.54291225;0.1350048;0;1.677917
1986-06-30;1.15718419;0;0;1.157184
1986-07-01;0.74346191;0.2675362;0;1.010998
1986-07-01;1.63934426;1.2054;0;2.844744
1986-07-02;0;1.735776;0;1.735776
1986-07-04;1.02314368;0.1272903;0;1.150434
1986-07-05;0.57859209;1.92864;0;2.507232
1986-07-06;1.92864031;0.9643202;0;2.89296
1986-07-08;1.80810029;0.289296;0;2.097396
1986-07-11;1.95081967;0.1221794;0.013500482;2.0865
1986-07-13;1.44648023;0;0;1.44648
1986-07-15;1.38379942;0.3470106;0.419479267;2.150289
1986-07-17;0.57859209;0.5435005;0;1.122093
1986-07-18;1.12825458;0.3857281;0.144648023;1.658631
1986-07-20;1.06075217;0.6364513;0;1.697203
1986-07-22;0;1.542912;0.048216008;1.591128
1986-07-22;4.53230473;1.253616;0;5.785921
1986-07-22;0.86788814;0.1639344;0.024108004;1.055931
1986-07-30;0.48216008;0.9643202;0;1.44648
1986-07-31;2.89296046;0;0;2.89296
1986-08-01;1.15718419;0;0;1.157184
1986-08-01;0.74059788;0.3799421;0;1.12054
1986-08-03;1.15718419;0;0;1.157184
1986-08-03;1.13693346;0.06644166;0;1.203375
1986-08-04;4.14657666;1.44648;0;5.593057
1986-08-04;1.22082932;0.2121504;0;1.43298
1986-08-04;1.09932498;0.06374156;0.101253616;1.26432
1986-08-05;1.14754098;0.2516876;0;1.399229
1986-08-07;0.98360656;0.09659499;0.067502411;1.147704
1986-08-13;1.17572228;0.06251205;0;1.238234
1986-08-15;1.75988428;0;0;1.759884
1986-08-16;0.96432015;0.5785921;0;1.542912
1986-08-16;0.67502411;1.44648;0;2.121504
1986-08-17;1.15718419;0.3857281;0;1.542912
1986-08-18;0.77145612;0.4821601;0;1.253616
1986-08-18;1.92864031;0;0;1.92864
1986-08-22;1.30183221;0.0289296;0;1.330762
1986-08-28;1.92864031;0;0;1.92864
1986-08-30;1.10896818;0;0;1.108968
1986-09-02;1.44648023;0.5785921;0;2.025072
1986-09-03;2.41080039;6.268081;0;8.678881
1986-09-07;1.63934426;0.5785921;0;2.217936
1986-09-07;1.15718419;0.144648;0;1.301832
1986-09-08;1.12389682;0;0;1.123897
1986-09-09;1.43201543;0.1460945;0.149469624;1.72758
1986-09-09;1.37415622;0;0;1.374156
1986-09-10;0.83895853;0.167999;0;1.006958
1986-09-12;6.46094503;1.639344;0;8.100289
1986-09-13;0.96432015;0.03857281;0;1.002893
1986-09-13;0.96432015;0.144648;0.06268081;1.171649
1986-09-16;8.53423337;1.735776;0;10.27001
1986-09-17;1.12984185;0.1415535;0;1.271395
1986-09-17;2.31436837;0.5785921;0;2.89296
1986-09-18;2.70009643;0.4281639;0.216972035;3.345232
1986-09-20;1.06075217;0;0;1.060752
1986-09-20;1.92864031;0.9643202;0;2.89296
1986-09-22;0.89296046;0.2285439;0;1.121504
1986-09-24;1.44648023;0.2507232;0;1.697203
1986-09-24;0;1.620058;0.096432015;1.71649
1986-09-25;0.86306654;0.1621986;0.077145612;1.102411
1986-09-26;10.12536162;3.567985;3.37512054;17.068467
1986-09-27;2.21793635;0.3857281;0;2.603664
1986-09-28;0.89103182;0.3625844;0;1.253616
1986-09-28;3.56798457;0;0;3.567985
1986-09-30;1.2536162;0.24108;0;1.494696
1986-10-03;0.96432015;0.6412729;0.033751205;1.639344
1986-10-03;1.28158149;0.3992285;0.041465767;1.722276
1986-10-03;1.85535198;0.4956606;0;2.351013
1986-10-03;1.68756027;0;0;1.68756
1986-10-03;1.47058824;0;0;1.470588
1986-10-06;1.92864031;0.3857281;0;2.314368
1986-10-06;0.77145612;0.4821601;0;1.253616
1986-10-07;1.14442912;0;0;1.144429
1986-10-11;1.20540019;0;0;1.2054
1986-10-15;0.96432015;1.542912;0.095467695;2.6027
1986-10-16;2.17743491;0.4798843;0.284474446;2.941794
1986-10-17;1.69720347;0.2719383;0.212150434;2.181292
1986-10-19;1.44648023;0;0;1.44648
1986-10-23;1.44648023;3.375121;0;4.821601
1986-10-26;2.07135969;1.766635;0;3.837994
1986-10-26;1.06075217;0.144648;0.144648023;1.350048
1986-10-28;1.54291225;0;0;1.542912
1986-10-28;0.81967213;0.3375121;0;1.157184
1986-10-29;1.63934426;0.289296;0;1.92864
1986-10-30;1.92864031;0.3134041;0;2.242044
1986-10-30;1.10896818;0.07714561;0.077145612;1.263259
1986-10-30;1.01253616;0;0;1.012536
1986-10-31;1.44648023;0.4821601;0;1.92864
1986-11-03;0.04821601;1.041466;0.048216008;1.137898
1986-11-03;0.91224687;0.1253616;0;1.037608
1986-11-04;0.57859209;0.6750241;0;1.253616
1986-11-06;1.92864031;0.2338476;0.025072324;2.18756
1986-11-07;4.14657666;0.4760704;0.144648023;4.767295
1986-11-08;1.2536162;0.289296;0;1.542912
1986-11-09;0.85824494;0.1301832;0.072324012;1.060752
1986-11-10;2.75216972;0;0;2.75217
1986-11-24;0.96432015;1.735776;0.482160077;3.182257
1986-11-24;0.96432015;0.4821601;0;1.44648
1986-11-26;1.44648023;0.4821601;0;1.92864
1986-11-29;0;1.591128;0;1.591128
1986-12-01;3.08582449;0;0;3.085824
1986-12-02;0.96432015;3.134041;0;4.098361
1986-12-03;1.68756027;0.192864;0;1.880424
1986-12-04;0.48216008;1.92864;0;2.4108
1986-12-04;0.14464802;0.8678881;0;1.012536
1986-12-05;1.92864031;0;0;1.92864
1986-12-07;1.06075217;0;0;1.060752
1986-12-12;0;1.639344;0;1.639344
1986-12-13;0.88717454;0.24108;0;1.128255
1986-12-13;1.44648023;0;0;1.44648
1986-12-14;0;1.44648;0;1.44648
1986-12-18;0;2.4108;0.482160077;2.89296
1986-12-18;0.53037608;0.4725169;0.385728062;1.388621
1986-12-21;0;1.157184;0.482160077;1.639344
1986-12-22;1.15718419;0.5756991;0.289296046;2.022179
1986-12-23;1.2536162;0.3551109;0.096432015;1.705159
1986-12-24;0.93056895;0.12054;0;1.051109
1986-12-25;11.08968177;3.567985;3.085824494;17.743491
1986-12-27;1.15718419;0;0;1.157184
1986-12-28;0.09643202;3.278689;0.482160077;3.857281
1986-12-29;1.2536162;0.3551109;0.096432015;1.705159
1986-12-29;1.35004822;0;0;1.350048
1986-12-30;1.2536162;4.243009;0;5.496625
1987-01-01;0.7755102;0.2476809;0;1.023191
1987-01-01;1.17439703;0.1298701;0;1.304267
1987-01-02;0.83487941;0.2319109;0;1.06679
1987-01-05;1.48423006;0.3246753;0;1.808905
1987-01-07;0.46382189;2.782931;0;3.246753
1987-01-08;0.79777365;0.6085343;0.011131725;1.41744
1987-01-09;0.63543599;1.855288;0;2.490724
1987-01-09;0.59369202;0.4174397;0;1.011132
1987-01-09;1.94805195;0.7912801;0.231910946;2.971243
1987-01-10;2.47217069;0.393321;0.139146568;3.004638
1987-01-11;1.1419295;0.2782931;0;1.420223
1987-01-11;1.81910946;0.4146568;0;2.233766
1987-01-11;1.33951763;0.05844156;0;1.397959
1987-01-11;1.39146568;0.9276438;0;2.319109
1987-01-11;2.11038961;0.6029685;0.139146568;2.852505
1987-01-12;1.99443414;0;0;1.994434
1987-01-12;1.74211503;0;0;1.742115
1987-01-13;1.43784787;0.2087199;0;1.646568
1987-01-14;2.78293135;0.06493506;0.125231911;2.973098
1987-01-14;1.11317254;0;0;1.113173
1987-01-16;1.02040816;0.4638219;0;1.48423
1987-01-17;0.92764378;0.1855288;0;1.113173
1987-01-18;1.01855288;0.1307978;0;1.149351
1987-01-19;2.45825603;0.6799629;0.046382189;3.184601
1987-01-19;2.22634508;0;0;2.226345
1987-01-19;3.24675325;0.4638219;0.185528757;3.896104
1987-01-21;1.43784787;0;0;1.437848
1987-01-21;1.96011132;0.4081633;0;2.368275
1987-01-22;0.8812616;0.1400742;0;1.021336
1987-01-22;0;0.9276438;0.092764378;1.020408
1987-01-24;1.62337662;1.113173;0;2.736549
1987-01-24;0.46382189;13.5436;9.276437848;23.283859
1987-01-25;1.11317254;0.2782931;0;1.391466
1987-01-25;0;1.391466;0;1.391466
1987-01-26;0;1.855288;0.185528757;2.040816
1987-01-26;1.02040816;0;0;1.020408
1987-01-30;1.66975881;0.4833024;0;2.153061
1987-02-02;0.74211503;0.3246753;0;1.06679
1987-02-06;1.39146568;0;0;1.391466
1987-02-06;1.11317254;0.067718;0.278293135;1.459184
1987-02-09;0.51576994;3.871985;0.60296846;4.990724
1987-02-09;0.83487941;0.2226345;0;1.057514
1987-02-10;3.33951763;0.6029685;0.185528757;4.128015
1987-02-11;0.80983302;0.1957328;0.071428571;1.076994
1987-02-12;1.05102041;0.4517625;0;1.502783
1987-02-13;1.02133581;0;0;1.021336
1987-02-15;1.66975881;2.41744;0.412801484;4.5
1987-02-16;2.31910946;0.7884972;0;3.107607
1987-02-18;1.76252319;0.4916512;0;2.254174
1987-02-19;1.34508349;0.4128015;0;1.757885
1987-02-21;1.05380334;0.1595547;0.185528757;1.398887
1987-02-22;1.11317254;0.1391466;0;1.252319
1987-02-25;0.69851577;3.06679;0.73283859;4.498145
1987-02-27;1.85528757;0.3710575;0.185528757;2.411874
1987-03-02;1.85528757;0.2504638;0;2.105751
1987-03-02;0.05380334;0.351577;2.782931354;3.188312
1987-03-05;2.18923933;0.9387755;0.556586271;3.684601
1987-03-07;1.57699443;0;0;1.576994
1987-03-08;1.16883117;0.4823748;0;1.651206
1987-03-08;1.59554731;0.9276438;0;2.523191
1987-03-11;0.64935065;0.9276438;0.092764378;1.669759
1987-03-12;0.92764378;0.8005566;0.176252319;1.904453
1987-03-20;1.76252319;0.09276438;0;1.855288
1987-03-22;0;1.391466;0.231910946;1.623377
1987-03-26;1.85528757;0;0;1.855288
1987-03-28;1.20593692;0.9276438;0.185528757;2.319109
1987-03-29;0.74211503;0.5565863;0.139146568;1.437848
1987-03-30;2.50463822;0.2087199;0.324675325;3.038033
1987-03-30;0.79499072;0.4619666;0;1.256957
1987-04-01;0.91929499;0.1864564;0.139146568;1.244898
1987-04-01;1.85528757;1.576994;0.463821892;3.896104
1987-04-02;0;0.8348794;0.278293135;1.113173
1987-04-04;0.92764378;0.3525046;0;1.280148
1987-04-05;3.24675325;3.339518;0;6.586271
1987-04-06;1.02040816;0.06493506;0;1.085343
1987-04-06;1.25231911;0.3265306;0.027829314;1.606679
1987-04-07;1.2987013;0;0;1.298701
1987-04-09;1.76252319;0;0;1.762523
1987-04-13;1.11317254;0;0;1.113173
1987-04-17;0.92764378;0.2940631;0.028756957;1.250464
1987-04-17;1.14285714;0.09276438;0;1.235622
1987-04-18;1.11317254;0;0;1.113173
1987-04-24;4.17439703;0.6493506;0;4.823748
1987-04-24;1.49814471;0.9276438;0;2.425788
1987-04-25;3.14749536;0;0;3.147495
1987-04-26;1.24768089;0.3710575;0;1.618738
1987-04-27;1.39146568;0.1020408;0.027829314;1.521336
1987-04-28;1.85528757;0;0;1.855288
1987-04-29;7.14285714;0;0;7.142857
1987-04-30;1.03061224;0.09369202;0.092764378;1.217069
1987-05-02;1.11317254;0;0;1.113173
1987-05-04;1.57699443;0;0;1.576994
1987-05-06;0.83487941;0.7884972;0;1.623377
1987-05-06;1.39146568;0.3710575;0;1.762523
1987-05-13;1.39146568;0;0;1.391466
1987-05-14;0.81168831;0.1159555;0.231910946;1.159555
1987-05-14;3.71057514;7.42115;0;11.131725
1987-05-16;1.11317254;0;0;1.113173
1987-05-22;1.11317254;0.742115;0;1.855288
1987-05-23;1.66975881;0;0;1.669759
1987-05-23;2.31910946;10.20408;0;12.523191
1987-05-24;2.04081633;0;0;2.040816
1987-05-28;1.76252319;3.988868;0;5.751391
1987-05-28;5.56586271;0;0;5.565863
1987-05-29;1.39146568;4.359926;0;5.751391
1987-05-30;1.11317254;0;0;1.113173
1987-06-01;3.24675325;0.9276438;0;4.174397
1987-06-03;1.85528757;2.319109;4.638218924;8.812616
1987-06-03;3.24675325;0.5333952;0;3.780148
1987-06-05;0;18.55288;13.914656772;32.467532
1987-06-06;2.08719852;0;0;2.087199
1987-06-08;3.24675325;0;0.046382189;3.293135
1987-06-08;0.55658627;2.782931;0;3.339518
1987-06-10;1.11317254;0.2402597;0.037105751;1.390538
1987-06-11;1.39146568;0.2319109;0;1.623377
1987-06-13;4.45269017;0;0;4.45269
1987-06-14;1.02040816;0.03339518;0;1.053803
1987-06-16;1.11317254;0.2782931;0;1.391466
1987-06-24;0;1.391466;0;1.391466
1987-06-25;1.66975881;0;0;1.669759
1987-06-25;1.11317254;0.4749536;0.102040816;1.690167
1987-07-01;1.11317254;0.2040816;0;1.317254
1987-07-06;1.43784787;2.96846;0;4.406308
1987-07-06;0;1.391466;0;1.391466
1987-07-06;0;2.133581;0;2.133581
1987-07-08;1.20593692;0;0;1.205937
1987-07-12;1.11317254;0.1576994;0.092764378;1.363636
1987-07-15;1.79962894;0.5983302;0;2.397959
1987-07-17;3.24675325;0;0;3.246753
1987-07-19;0.95083488;0.1187384;0;1.069573
1987-07-28;2.31910946;0.5565863;0;2.875696
1987-07-30;0.64935065;0.3710575;0;1.020408
1987-07-30;0.64935065;0.4638219;0;1.113173
1987-08-04;0.18552876;1.630798;0;1.816327
1987-08-06;0.64007421;0.4619666;0.254174397;1.356215
1987-08-07;1.1038961;0.2782931;0.102040816;1.48423
1987-08-07;0;2.782931;0;2.782931
1987-08-11;0;1.6141;0;1.6141
1987-08-17;3.71057514;16.4026;8.92393321;29.037106
1987-08-18;5.56586271;10.6679;2.319109462;18.552876
1987-08-22;1.39146568;1.113173;0;2.504638
1987-08-24;2.22634508;0.8348794;0;3.061224
1987-08-25;0.16048237;0.9044527;0.099257885;1.164193
1987-09-02;0.74211503;0.2087199;0.162337662;1.113173
1987-09-06;1.18181818;0.1317254;0.050092764;1.363636
1987-09-09;0.92764378;0.148423;0;1.076067
1987-09-12;1.2987013;0.2133581;0;1.512059
1987-09-15;1.30797774;0.3589981;0.180890538;1.847866
1987-09-15;15.21335807;1.669759;0;16.883117
1987-09-16;1.39146568;0;0;1.391466
1987-09-18;0.78849722;1.113173;0;1.90167
1987-09-18;1.0296846;0.419295;0;1.44898
1987-09-19;1.27087199;0.2189239;0.278293135;1.768089
1987-09-19;0.64935065;0.3710575;0;1.020408
1987-09-21;1.20593692;0.3738404;0;1.579777
1987-09-22;0.09276438;1.113173;0;1.205937
1987-09-24;0.26437848;1.205937;0.046382189;1.516698
1987-09-24;1.02040816;0;0;1.020408
1987-09-24;1.85528757;0;0;1.855288
1987-09-27;0.92764378;0.2782931;0;1.205937
1987-09-28;0.18552876;0.8348794;0;1.020408
1987-09-30;0.80705009;0.4174397;0;1.22449
1987-10-03;0.83951763;0.1187384;0.046382189;1.004638
1987-10-03;4.17439703;3.617811;0;7.792208
1987-10-03;1.31725417;0.03246753;0;1.349722
1987-10-05;23.19109462;4.638219;0;27.829314
1987-10-05;0.92764378;3.246753;0;4.174397
1987-10-06;3.11688312;2.782931;0;5.899814
1987-10-08;0.81168831;0.1948052;0;1.006494
1987-10-11;0.02319109;1.48423;0;1.507421
1987-10-11;0.92764378;0.2782931;0;1.205937
1987-10-12;1.11317254;0;0;1.113173
1987-10-12;12.0593692;0;0;12.059369
1987-10-14;0.92764378;1.391466;0;2.319109
1987-10-16;1.02040816;2.319109;0;3.339518
1987-10-17;1.15955473;0;0;1.159555
1987-10-18;0.45269017;1.920223;0;2.372913
1987-10-19;0.92115028;0.1753247;0;1.096475
1987-10-20;0.5380334;0.4230056;0.143784787;1.104824
1987-10-22;0.92764378;0.3246753;0;1.252319
1987-10-24;2.00371058;1.646568;0;3.650278
1987-10-25;0.92764378;0.4638219;0;1.391466
1987-10-26;1.2987013;0;0;1.298701
1987-10-27;3.98886827;2.319109;0;6.307978
1987-10-30;6.67903525;2.782931;0;9.461967
1987-10-30;1.57699443;1.298701;0;2.875696
1987-10-31;0.98330241;0.6493506;0.051020408;1.683673
1987-11-01;3.0890538;0.3849722;0.00742115;3.481447
1987-11-01;4.82374768;2.782931;0;7.606679
1987-11-03;0;1.391466;0;1.391466
1987-11-05;1.11317254;2.782931;0;3.896104
1987-11-06;0.83766234;0.2875696;0;1.125232
1987-11-07;8.81261596;2.504638;0.278293135;11.595547
1987-11-08;2.31910946;0.3868275;0.371057514;3.076994
1987-11-11;0.49165121;1.623377;0;2.115028
1987-11-14;1.85528757;0;0;1.855288
1987-11-15;1.11317254;0.3144712;0.329313544;1.756957
1987-11-16;1.48423006;0;0;1.48423
1987-11-18;1.39146568;1.48423;0.185528757;3.061224
1987-11-21;1.57699443;0;0;1.576994
1987-11-29;1.39146568;0.3432282;0;1.734694
1987-12-02;1.02040816;0.742115;0;1.762523
1987-12-02;0.97402597;0.3153989;0;1.289425
1987-12-06;0.83487941;0.3552876;0.278293135;1.46846
1987-12-07;1.02040816;4.174397;0;5.194805
1987-12-07;1.94805195;0;0;1.948052
1987-12-09;1.9851577;1.948052;0.185528757;4.118738
1987-12-09;2.92207792;2.040816;0;4.962894
1987-12-12;1.11317254;1.298701;2.690166976;5.102041
1987-12-12;1.34508349;0;0;1.345083
1987-12-12;0.91929499;0.1558442;0;1.075139
1987-12-13;4.17439703;1.920223;1.006493506;7.101113
1987-12-13;1.716141;0.3543599;0;2.070501
1987-12-14;1.11317254;1.298701;0;2.411874
1987-12-14;1.23747681;0;0;1.237477
1987-12-16;0;1.113173;0.927643785;2.040816
1987-12-17;1.2987013;0;0;1.298701
1987-12-17;2.78293135;0.1113173;0;2.894249
1987-12-17;0.83487941;0.2319109;0;1.06679
1987-12-19;0.92764378;0.1855288;0.278293135;1.391466
1987-12-19;0.37105751;0.9276438;0.231910946;1.530612
1987-12-20;0.78849722;0.2597403;0;1.048237
1987-12-23;0.60296846;0.3246753;0.250463822;1.178108
1987-12-29;0.78849722;0.5565863;0;1.345083
1987-12-30;2.04081633;0;0;2.040816
1987-12-31;1.2987013;0.3710575;0;1.669759
1988-01-01;1.18456078;0.4338953;0;1.618456
1988-01-01;0.75244011;0.2750665;0;1.027507
1988-01-03;2.21827862;10.64774;3.549245785;16.415262
1988-01-04;1.50842946;0;0;1.508429
1988-01-08;0;1.153505;0.532386868;1.685892
1988-01-10;1.33096717;0;0;1.330967
1988-01-15;1.33096717;0.8873114;0.088731145;2.30701
1988-01-19;1.20053239;0.7196096;0;1.920142
1988-01-20;3.77107365;0;0;3.771074
1988-01-21;0.26619343;0.621118;0.266193434;1.153505
1988-01-22;0;5.094055;0;5.094055
1988-01-23;0.39574091;2.560781;0;2.956522
1988-01-23;1.68589175;0.1126886;0;1.79858
1988-01-23;1.02040816;0.5323869;0;1.552795
1988-01-25;0.7985803;0.4436557;0.088731145;1.330967
1988-01-26;1.74711624;0.1401952;0;1.887311
1988-01-29;0;0.8873114;0.887311446;1.774623
1988-01-30;0.97604259;0.3549246;0;1.330967
1988-02-01;1.13575865;3.549246;1.330967169;6.015972
1988-02-06;2.21827862;1.043478;0;3.261757
1988-02-09;1.03460515;0.1322094;0;1.166815
1988-02-10;2.48447205;0.03637977;0;2.520852
1988-02-11;0.93167702;0.3620231;0;1.2937
1988-02-14;15.52795031;2.896185;0;18.424135
1988-02-17;1.06477374;0;0;1.064774
1988-02-19;0;1.511979;0.443655723;1.955634
1988-02-19;0;1.597161;0.443655723;2.040816
1988-02-21;3.10559006;4.880213;0;7.985803
1988-02-22;3.31144632;0.1854481;0;3.496894
1988-02-29;2.04081633;4.470275;0;6.511091
1988-02-29;1.15350488;0.1064774;0;1.259982
1988-03-02;1.50842946;0.2502218;0.094942325;1.853594
1988-03-03;0.08873114;1.464064;0;1.552795
1988-03-07;1.24755989;0.01952085;0;1.267081
1988-03-08;1.86335404;0.2661934;0;2.129547
1988-03-09;1.50842946;1.131322;0.066548358;2.7063
1988-03-12;0.4880213;1.064774;0;1.552795
1988-03-12;0;0.8873114;0.443655723;1.330967
1988-03-14;1.02395741;0.4436557;0;1.467613
1988-03-14;1.15350488;1.153505;0;2.30701
1988-03-18;1.50842946;0.3992902;0;1.90772
1988-03-19;0.88731145;0.3549246;0;1.242236
1988-03-21;0.60780834;0.6033718;0;1.21118
1988-03-24;1.99645075;0;0;1.996451
1988-03-25;7.09849157;17.74623;13.309671695;38.154392
1988-04-06;1.24223602;0.7098492;0.177462289;2.129547
1988-04-09;0;2.484472;0;2.484472
1988-04-12;1.57497782;0.1153505;0;1.690328
1988-04-13;1.76574978;0;0;1.76575
1988-04-14;1.29015084;0.2484472;0;1.538598
1988-04-14;1.24223602;0;0.443655723;1.685892
1988-04-16;1.24223602;0;0;1.242236
1988-04-19;1.33096717;0;0;1.330967
1988-04-20;0;1.982254;0;1.982254
1988-04-20;1.68589175;0.1774623;0;1.863354
1988-04-23;1.88553682;0;0;1.885537
1988-04-24;3.10559006;1.394854;0.709849157;5.210293
1988-04-24;1.15350488;0;0;1.153505
1988-04-24;0.90150843;0.8873114;0;1.78882
1988-04-26;5.7675244;0;0;5.767524
1988-04-26;1.33096717;0;0;1.330967
1988-04-26;2.21827862;3.726708;0.887311446;6.832298
1988-04-29;0.4880213;0.7409051;0.133096717;1.362023
1988-04-29;0;2.661934;0.887311446;3.549246
1988-04-30;1.10913931;0.2661934;0;1.375333
1988-04-30;1.95208518;0.3549246;0;2.30701
1988-05-08;0.53238687;1.597161;0.532386868;2.661934
1988-05-08;7.54214729;0;0;7.542147
1988-05-09;4.08163265;0.6237799;0.976042591;5.681455
1988-05-09;3.90417036;3.771074;1.552795031;9.228039
1988-05-11;1.08074534;0;0;1.080745
1988-05-11;1.6122449;0;0;1.612245
1988-05-12;0;1.242236;0;1.242236
1988-05-12;1.22892635;0.1277728;0;1.356699
1988-05-12;1.50842946;0;0;1.508429
1988-05-13;1.5971606;0.7098492;0;2.30701
1988-05-15;1.19787045;0.1774623;0;1.375333
1988-05-16;0.31055901;0.621118;0.621118012;1.552795
1988-05-17;6.04259095;17.74623;3.549245785;27.338066
1988-05-19;0.44365572;0.4436557;0.350488021;1.237799
1988-05-23;1.06477374;0.1109139;0.016858917;1.192547
1988-05-25;1.27772848;0;0;1.277728
1988-05-26;1.33096717;0;0;1.330967
1988-05-26;1.33096717;6.21118;0;7.542147
1988-05-27;1.86335404;0.2271517;0.133096717;2.223602
1988-05-27;0;0.8873114;0.266193434;1.153505
1988-05-29;1.33096717;0.4569654;0;1.787933
1988-05-29;0.70984916;0.7275954;0;1.437445
1988-05-29;5.7675244;0.3726708;0;6.140195
1988-05-30;1.37533274;0.2413487;0;1.616681
1988-05-31;2.09405501;0;0;2.094055
1988-05-31;2.48447205;9.31677;0;11.801242
1988-06-01;2.83939663;0.1330967;0;2.972493
1988-06-03;0.70984916;1.242236;0;1.952085
1988-06-03;2.21827862;0.2253771;0.044365572;2.488021
1988-06-05;3.99290151;0;0;3.992902
1988-06-05;1.5971606;0.6255546;0;2.222715
1988-06-05;6.65483585;17.74623;0.887311446;25.288376
1988-06-06;2.44010648;0;0;2.440106
1988-06-06;3.54924579;0.1774623;0;3.726708
1988-06-06;0;2.865129;0.887311446;3.75244
1988-06-10;1.64152618;0;0;1.641526
1988-06-13;0.7985803;0.1774623;0.266193434;1.242236
1988-06-15;1.24223602;0;0;1.242236
1988-06-16;0.44365572;3.992902;0;4.436557
1988-06-21;1.06477374;0;0;1.064774
1988-06-21;0.22182786;0.7098492;0.266193434;1.19787
1988-06-24;1.86335404;0.5323869;0;2.395741
1988-06-24;0.88731145;4.880213;4.436557232;10.204082
1988-06-29;1.77462289;0;0;1.774623
1988-06-29;2.32031943;0;0;2.320319
1988-06-29;0.70984916;1.597161;0;2.30701
1988-07-01;0.73291925;0.3549246;0;1.087844
1988-07-01;0.87843833;0.2644188;0;1.142857
1988-07-01;1.15350488;0;0;1.153505
1988-07-01;1.44543035;0.4214729;0;1.866903
1988-07-02;2.48447205;0;0;2.484472
1988-07-04;2.57320319;0;0;2.573203
1988-07-05;0.81277728;0.3087844;0;1.121562
1988-07-06;5.32386868;0.6654836;0;5.989352
1988-07-08;2.10292813;0.4063886;0;2.509317
1988-07-09;0.94498669;0.3833185;0;1.328305
1988-07-12;0.76131322;0.2839397;0;1.045253
1988-07-14;1.3877551;0;0;1.387755
1988-07-16;0;1.064774;0.088731145;1.153505
1988-07-18;1.2866016;0;0;1.286602
1988-07-18;0.75421473;0.2928128;0;1.047028
1988-07-19;1.41969831;2.661934;0.532386868;4.61402
1988-07-19;10.69210293;3.10559;6.654835847;20.452529
1988-07-19;2.21827862;0;0;2.218279
1988-07-20;1.77462289;2.661934;0.887311446;5.323869
1988-07-26;0.88731145;0.3291925;0;1.216504
1988-07-30;1.77462289;4.436557;0.887311446;7.098492
1988-08-08;0;0.9760426;0.354924579;1.330967
1988-08-09;1.77462289;0;0;1.774623
1988-08-10;2.33007986;0.5048802;0.177462289;3.012422
1988-08-12;34.60514641;9.207631;3.206743567;47.019521
1988-08-15;0.19520852;0.7275954;0.177462289;1.100266
1988-08-18;0.97604259;0.6415262;0.692102928;2.309672
1988-08-21;0.90505768;0.2404614;0;1.145519
1988-08-21;1.24223602;0.133984;0;1.37622
1988-08-22;0.93966282;0.2031943;0;1.142857
1988-08-24;1.86335404;0.1455191;0.887311446;2.896185
1988-08-24;0.88731145;0.8873114;0;1.774623
1988-08-29;1.35403727;0;0;1.354037
1988-09-01;5.05767524;1.774623;17.746228926;24.578527
1988-09-04;0.53682343;1.724933;0;2.261757
1988-09-05;4.43655723;0;0;4.436557
1988-09-05;0.88731145;0.461402;0;1.348713
1988-09-06;3.10559006;6.566105;6.211180124;15.882875
1988-09-06;0.26619343;0.7542147;0;1.020408
1988-09-08;0.97604259;0.2866016;0;1.262644
1988-09-08;0.39929015;1.508429;0.754214729;2.661934
1988-09-09;0.95031056;0.1011535;0;1.051464
1988-09-11;1.33096717;0.5323869;0.088731145;1.952085
1988-09-14;0.31055901;0.6477374;0.399290151;1.357587
1988-09-17;1.33096717;0.310559;0;1.641526
1988-09-18;1.33096717;4.436557;1.774622893;7.542147
1988-09-19;2.21827862;0;0;2.218279
1988-09-19;3.54924579;1.330967;0.621118012;5.501331
1988-09-20;1.67701863;0.5252884;0.008873114;2.21118
1988-09-22;0;1.477374;0;1.477374
1988-09-27;1.33096717;0.310559;0;1.641526
1988-09-27;0.22182786;0.7098492;0.088731145;1.020408
1988-10-01;3.28305235;0;0;3.283052
1988-10-04;5.54569654;15.97161;4.436557232;25.95386
1988-10-04;1.06477374;0;0;1.064774
1988-10-08;2.57320319;0.8873114;0.621118012;4.081633
1988-10-08;1.65661047;0.5536823;0.078083407;2.288376
1988-10-17;0.8296362;0.2200532;0.050576752;1.100266
1988-10-20;2.66193434;0.176575;0;2.838509
1988-10-20;2.0851819;0.3549246;0.754214729;3.194321
1988-10-23;0.97604259;0.621118;0;1.597161
1988-10-28;0;1.774623;0;1.774623
1988-10-29;1.33096717;0.2573203;0.133096717;1.721384
1988-11-02;0;1.712511;0.621118012;2.333629
1988-11-03;3.69565217;0.7985803;0;4.494232
1988-11-05;5.7675244;1.330967;1.774622893;8.873114
1988-11-05;2.54924579;0.1268855;0;2.676131
1988-11-07;0;1.058563;0.088731145;1.147294
1988-11-07;1.33096717;0;0;1.330967
1988-11-10;1.50842946;0;0;1.508429
1988-11-11;1.24223602;0;0;1.242236
1988-11-14;0.70984916;0.3992902;0;1.109139
1988-11-18;0.44365572;5.767524;0;6.21118
1988-11-19;1.46406389;0.1330967;0.133096717;1.730257
1988-11-19;1.15350488;0;0;1.153505
1988-11-20;0.4880213;0.5678793;0;1.055901
1988-11-21;1.71251109;0.1668146;0;1.879326
1988-11-23;0.08873114;1.313221;0;1.401952
1988-11-26;0.97604259;0.4436557;0;1.419698
1988-11-27;0;2.715173;0;2.715173
1988-12-02;0.62111801;2.661934;0.798580302;4.081633
1988-12-02;1.75244011;0;0;1.75244
1988-12-05;0.66548358;0.4232476;0;1.088731
1988-12-06;0;1.330967;2.218278616;3.549246
1988-12-06;1.28305235;0;0;1.283052
1988-12-08;0.84294587;1.330967;0;2.173913
1988-12-09;1.86335404;0.9760426;0;2.839397
1988-12-12;0;3.10559;0.266193434;3.371783
1988-12-12;1.33096717;0;0;1.330967
1988-12-14;2.66193434;1.330967;0.621118012;4.61402
1988-12-15;4.43655723;5.323869;1.064773736;10.8252
1988-12-16;0;4.436557;1.330967169;5.767524
1988-12-17;0.84294587;0.2661934;0;1.109139
1988-12-17;8.87311446;14.19698;7.985803017;31.055901
1988-12-18;1.77462289;0.7763975;0.554569654;3.10559
1988-12-18;1.33096717;0;0;1.330967
1988-12-25;1.33096717;0.3549246;0;1.685892
1988-12-26;0;3.992902;0;3.992902
1989-01-02;1.12870449;0.7121084;0;1.840813
1989-01-03;1.02286198;0.1329382;0.127011008;1.282811
1989-01-05;4.91109229;0.465707;0;5.376799
1989-01-09;0.22692633;1.134632;0;1.361558
1989-01-11;0.67739204;0.296359;0.084674005;1.058425
1989-01-11;0.63505504;0.3683319;0;1.003387
1989-01-14;2.20152413;0.508044;0.254022015;2.96359
1989-01-15;1.16342083;0.05165114;0.055884843;1.270957
1989-01-15;1.27011008;0.635055;0;1.905165
1989-01-17;0.42337003;2.54022;1.270110076;4.2337
1989-01-17;1.94750212;0;0;1.947502
1989-01-19;2.54022015;0.1591871;0.211685013;2.911092
1989-01-20;4.23370025;16.9348;3.386960203;24.555461
1989-01-21;0.55038103;0.677392;0;1.227773
1989-01-24;0.61388654;0.4360711;0.16934801;1.219306
1989-01-24;2.70956816;0.5588484;0;3.268417
1989-01-26;1.27011008;3.132938;0.423370025;4.826418
1989-01-26;1.6596105;0;0;1.65961
1989-01-29;0.79085521;0.42337;0;1.214225
1989-01-31;0;1.016088;0;1.016088
1989-02-02;1.10076207;0.2447079;0.177815411;1.523285
1989-02-02;0.84674005;1.439458;0.397967824;2.684166
1989-02-05;1.37171888;0.1905165;0;1.562235
1989-02-06;0.93056732;0.1905165;0;1.121084
1989-02-13;0.7400508;0.2743438;0;1.014395
1989-02-14;6.98560542;33.59695;1.508890771;42.091448
1989-02-14;0.84674005;0.8467401;0;1.69348
1989-02-14;0;1.640135;0;1.640135
1989-02-15;0;1.69348;0.254022015;1.947502
1989-02-15;3.3869602;1.27011;0;4.65707
1989-02-15;1.05842506;0;0;1.058425
1989-02-18;0.90855207;0.2074513;0;1.116003
1989-02-22;1.52413209;0;0;1.524132
1989-02-23;0.22353937;1.168501;0;1.392041
1989-02-27;0;1.016088;0.211685013;1.227773
1989-03-04;3.3869602;11.00762;0;14.394581
1989-03-06;0.19898391;0.762066;0.16934801;1.130398
1989-03-07;1.32091448;0.42337;0;1.744285
1989-03-07;0;1.100762;0.846740051;1.947502
1989-03-08;0;0.9314141;0.254022015;1.185436
1989-03-14;0.61812024;1.947502;0;2.565622
1989-03-16;0;1.14818;0;1.14818
1989-03-17;1.6934801;0.2286198;0.254022015;2.176122
1989-03-19;0;1.331075;0;1.331075
1989-03-23;8.46740051;9.009314;3.386960203;20.863675
1989-03-23;1.27011008;0.5986452;0.025402202;1.894157
1989-03-23;2.11685013;0;0;2.11685
1989-03-24;0.38103302;1.27011;0;1.651143
1989-03-27;0;0.8467401;0.211685013;1.058425
1989-03-27;7.62066046;1.608806;0;9.229467
1989-04-01;0;1.016088;0.127011008;1.143099
1989-04-03;0;5.92718;0;5.92718
1989-04-04;1.19813717;0;0;1.198137
1989-04-05;1.43861135;0.3361558;0;1.774767
1989-04-06;1.26587638;0.6096528;0;1.875529
1989-04-09;0.58425064;5.08044;0;5.664691
1989-04-12;1.10076207;0;0;1.100762
1989-04-14;0.76206605;3.38696;0;4.149026
1989-04-16;1.01608806;0.2675699;0;1.283658
1989-04-17;1.05842506;0;0;1.058425
1989-04-19;2.20152413;0;0;2.201524
1989-04-20;0;0.9508891;0.33869602;1.289585
1989-04-21;0.93141406;0.42337;0;1.354784
1989-04-23;3.81033023;0.1828959;0.423370025;4.416596
1989-04-24;0;1.016088;0.254022015;1.27011
1989-04-26;1.6934801;8.467401;4.233700254;14.394581
1989-04-28;2.54022015;0.146486;0;2.686706
1989-04-28;1.6934801;0;0;1.69348
1989-04-28;1.18204911;0.4419983;0;1.624047
1989-04-30;3.3869602;0;0;3.38696
1989-05-02;0.50804403;3.556308;0;4.064352
1989-05-03;1.30143946;0;0;1.301439
1989-05-04;1.27011008;0;0;1.27011
1989-05-06;1.27011008;0.2836579;0;1.553768
1989-05-06;1.11685013;0.3598645;0;1.476715
1989-05-07;1.01608806;0.1735817;0;1.18967
1989-05-11;1.01608806;0;0;1.016088
1989-05-11;3.04826418;6.07282;1.016088061;10.137172
1989-05-13;2.54022015;0.1227773;0;2.662997
1989-05-13;0.81287045;0.2328535;0;1.045724
1989-05-15;2.28619814;1.354784;0.16934801;3.81033
1989-05-18;1.27011008;0;0;1.27011
1989-05-19;0;1.69348;0;1.69348
1989-05-21;1.48179509;0;0;1.481795
1989-05-22;1.52413209;0;0;1.524132
1989-05-23;1.27011008;1.27011;0.423370025;2.96359
1989-05-24;0.84674005;0.3344623;0;1.181202
1989-05-24;1.17696867;0.3886537;0;1.565622
1989-05-24;2.37087214;0.677392;0;3.048264
1989-05-25;2.54022015;0.4250635;0.372565622;3.337849
1989-05-25;1.18543607;0.2718036;0;1.45724
1989-05-26;1.01608806;0;0;1.016088
1989-05-29;4.23370025;0.0677392;0;4.301439
1989-06-02;2.03217612;0;0;2.032176
1989-06-04;3.81033023;0;0.211685013;4.022015
1989-06-05;0.27519052;0.635055;0.211685013;1.121931
1989-06-08;1.36748518;0.5122777;0;1.879763
1989-06-11;2.20152413;0;0;2.201524
1989-06-11;1.27011008;0;0;1.27011
1989-06-12;1.52413209;0.2099915;0;1.734124
1989-06-13;0.71972904;0.3471634;0.101608806;1.168501
1989-06-13;2.11685013;4.2337;0.423370025;6.77392
1989-06-16;0.84674005;0.3302286;0;1.176969
1989-06-17;3.06096528;0.42337;1.016088061;4.500423
1989-06-17;1.70533446;0.254022;0.254022015;2.213378
1989-06-21;1.01608806;0;0;1.016088
1989-06-21;1.86282811;0;0;1.862828
1989-06-23;0.25402202;1.524132;0.423370025;2.201524
1989-06-27;0.66045724;0.5588484;0;1.219306
1989-06-27;5.71549534;0;0;5.715495
1989-06-28;3.47163421;2.96359;0;6.435224
1989-06-28;0;3.38696;2.116850127;5.50381
1989-06-28;0;2.11685;0.423370025;2.54022
1989-06-28;5.0804403;0;0;5.08044
1989-06-29;5.0804403;0;0;5.08044
1989-07-03;1.77815411;0.254022;0;2.032176
1989-07-05;1.34801016;2.743438;0;4.091448
1989-07-06;1.18543607;0.7163421;0;1.901778
1989-07-08;3.3869602;1.439458;0;4.826418
1989-07-10;1.30143946;0.7171888;0.113463167;2.132091
1989-07-10;1.45639289;0.03725656;0.076206605;1.569856
1989-07-13;0.99491956;0.1033023;0.154953429;1.253175
1989-07-18;1.27011008;0;0;1.27011
1989-07-18;2.79424217;0.3048264;0;3.099069
1989-07-18;1.45639289;0.1574936;0.296359018;1.910246
1989-07-20;0.87214225;0.42337;0;1.295512
1989-07-22;1.6934801;0.592718;0.254022015;2.54022
1989-07-23;1.62404742;0.2709568;0.592718036;2.487722
1989-07-24;1.94750212;0.338696;0;2.286198
1989-07-24;0;1.100762;0.304826418;1.405588
1989-07-25;1.05842506;0.0338696;0.010160881;1.102456
1989-07-26;0.67739204;0.338696;0;1.016088
1989-07-28;3.55630821;0.296359;0;3.852667
1989-07-28;4.23370025;7.493649;1.074513124;12.801863
1989-07-28;1.6088061;0;0;1.608806
1989-07-30;1.52413209;0;0;1.524132
1989-07-31;0;1.69348;0.279424217;1.972904
1989-08-02;1.27011008;0;0;1.27011
1989-08-03;0.51481795;0.338696;0.931414056;1.784928
1989-08-04;5.0804403;8.467401;2.540220152;16.088061
1989-08-04;1.43945809;0;0;1.439458
1989-08-04;152.41320914;0;0;152.413209
1989-08-05;1.10076207;0.254022;0.084674005;1.439458
1989-08-05;0.59017782;1.27011;1.270110076;3.130398
1989-08-07;2.21168501;4.07536;0;6.287045
1989-08-08;2.07451312;0.5419136;0.16088061;2.777307
1989-08-09;0.71972904;0.3132938;0;1.033023
1989-08-10;0;1.016088;0;1.016088
1989-08-11;12.70110076;1.312447;0;14.013548
1989-08-18;0;1.016088;0.254022015;1.27011
1989-08-22;1.21507197;0;0;1.215072
1989-08-23;7.40897544;0.9585097;0;8.367485
1989-08-23;0.42337003;0.4360711;0.198983912;1.058425
1989-08-23;0.37256562;0.5588484;0.186282811;1.117697
1989-08-24;3.81033023;0;0;3.81033
1989-08-25;0.76206605;0.254022;0.084674005;1.100762
1989-08-26;1.01608806;0.4301439;0.074513124;1.520745
1989-08-27;1.11769687;0.3700254;0;1.487722
1989-08-27;0;2.54022;0.846740051;3.38696
1989-08-28;2.11685013;1.27011;1.270110076;4.65707
1989-08-28;2.12701101;0.1507197;0;2.277731
1989-08-29;0.80440305;0.2370872;0;1.04149
1989-08-30;1.01608806;0.1608806;0;1.176969
1989-08-30;1.52413209;0;0;1.524132
1989-08-31;1.05842506;0.2303133;0;1.288738
1989-09-04;0.42337003;0.42337;0.423370025;1.27011
1989-09-04;2.65029636;0.784928;0.33869602;3.77392
1989-09-09;0.93141406;0.2667231;0;1.198137
1989-09-10;1.29889924;1.053345;0;2.352244
1989-09-11;0.81287045;0.254022;0;1.066892
1989-09-11;0.81287045;0.254022;0;1.066892
1989-09-11;4.9957663;1.185436;3.217612193;9.398815
1989-09-11;1.27011008;0;0;1.27011
1989-09-14;1.28281118;3.640982;0.846740051;5.770533
1989-09-14;0.78746825;0.2624894;0;1.049958
1989-09-14;1.28281118;0;0.254022015;1.536833
1989-09-16;0.81287045;0.2709568;0;1.083827
1989-09-18;1.31244708;0.2709568;0.296359018;1.879763
1989-09-21;0.64352244;0.635055;0;1.278577
1989-09-22;0;1.354784;0;1.354784
1989-09-24;3.97967824;0;0;3.979678
1989-09-25;2.54022015;2.11685;0.592718036;5.249788
1989-09-25;1.31244708;0.1718882;0.081287045;1.565622
1989-09-25;0;8.467401;4.233700254;12.701101
1989-09-26;4.57239627;0;0;4.572396
1989-09-27;0.76206605;0.8467401;1.312447079;2.921253
1989-09-28;1.27011008;0.127011;0.381033023;1.778154
1989-09-29;1.52413209;0;0;1.524132
1989-09-29;3.3869602;5.92718;2.370872142;11.685013
1989-10-01;1.6934801;0.42337;0;2.11685
1989-10-02;1.33784928;0.3022862;0.093141406;1.733277
1989-10-02;2.54022015;0;0;2.54022
1989-10-07;0.94834886;0.08806097;0.139712108;1.176122
1989-10-20;1.6934801;4.2337;0.084674005;6.011854
1989-10-22;2.75190517;29.6359;0;32.387807
1989-10-23;1.27011008;1.69348;7.620660457;10.584251
1989-10-24;1.21930567;0.42337;0;1.642676
1989-10-24;3.3869602;0;0;3.38696
1989-10-26;0.84674005;0.169348;0;1.016088
1989-11-10;1.6934801;2.11685;1.058425064;4.868755
1989-11-11;1.27011008;0.2582557;0;1.528366
1989-11-12;0.93141406;0.169348;0;1.100762
1989-11-13;0.78323455;0.296359;0;1.079594
1989-11-13;1.6934801;0;0;1.69348
1989-11-14;16.93480102;1.185436;0.50804403;18.628281
1989-11-15;1.29127858;0.4403048;0;1.731583
1989-11-16;1.6934801;2.11685;0;3.81033
1989-11-16;0.76206605;0.338696;0;1.100762
1989-11-19;1.6934801;0.0254022;0.118543607;1.837426
1989-11-20;0.76206605;0.254022;0;1.016088
1989-11-29;1.6934801;2.11685;0.846740051;4.65707
1989-11-29;0.97544454;0.3395428;0;1.314987
1989-11-30;1.52413209;0;0;1.524132
1989-12-03;0;2.11685;0.16934801;2.286198
1989-12-03;1.01608806;0;0;1.016088
1989-12-05;1.27011008;0.234547;0.381033023;1.88569
1989-12-06;0.97375106;0.1685013;0.16934801;1.3116
1989-12-06;1.22777307;0;0;1.227773
1989-12-08;0.76206605;0.338696;0;1.100762
1989-12-09;3.3869602;0;0;3.38696
1989-12-13;0;1.210838;0.423370025;1.634208
1989-12-14;0.67061812;0.3429297;0;1.013548
1989-12-15;1.57239627;0.05249788;0.101608806;1.726503
1989-12-18;0;2.96359;0.846740051;3.81033
1989-12-18;1.86367485;0.508044;0.084674005;2.456393
1989-12-19;2.03217612;0.400508;0.254022015;2.686706
1989-12-20;1.00338696;0;0;1.003387
1989-12-22;0.84589331;0.169348;0;1.015241
1989-12-25;1.27011008;0.592718;0;1.862828
1989-12-29;0.84674005;0.2370872;0;1.083827
1989-12-30;2.11685013;0;0;2.11685
1989-12-30;3.3869602;0.762066;0;4.149026
1989-12-31;0.84674005;0.169348;0;1.016088
1989-12-31;0;1.016088;0;1.016088
1989-12-31;0.84674005;0.3302286;0;1.176969
1990-01-01;1.46452145;0.4125413;0;1.877063
1990-01-06;0.77722772;0.4909241;0;1.268152
1990-01-08;1.11386139;0.2425743;0;1.356436
1990-01-10;0;7.425743;0;7.425743
1990-01-12;0.76320132;0.330033;0.041254125;1.134488
1990-01-13;1.15511551;0.03465347;0.139438944;1.329208
1990-01-17;1.08085809;0.2062706;0;1.287129
1990-01-19;1.23514851;0.330033;0;1.565182
1990-01-20;0.20627063;0.7013201;0.165016502;1.072607
1990-01-20;2.06270627;0.2475248;0;2.310231
1990-01-24;0.82508251;0.06270627;0.206270627;1.094059
1990-01-25;2.51650165;0.08828383;0.012376238;2.617162
1990-01-26;1.40264026;0.4224422;0.165016502;1.990099
1990-01-26;1.32013201;0.5726073;0.094884488;1.987624
1990-01-30;1.15594059;0;0;1.155941
1990-01-31;3.05280528;0.1278878;0.198019802;3.378713
1990-02-05;0.94884488;0.2681518;0;1.216997
1990-02-07;0.7549505;1.19637;0;1.95132
1990-02-08;2.80528053;0.8250825;0.495049505;4.125413
1990-02-09;1.40264026;0;0;1.40264
1990-02-09;0.60066007;0.4257426;0;1.026403
1990-02-11;1.65016502;0.05775578;0;1.707921
1990-02-12;1.23762376;0;0;1.237624
1990-02-12;3.30033003;0;0;3.30033
1990-02-18;1.27887789;0;0;1.278878
1990-02-19;2.45709571;0.5239274;0;2.981023
1990-02-20;0.45214521;3.211221;0.412541254;4.075908
1990-02-22;0.82508251;2.475248;0.412541254;3.712871
1990-02-26;1.23762376;0;0;1.237624
1990-02-27;0.57755776;0.4537954;0;1.031353
1990-02-27;1.15511551;0.299505;0;1.45462
1990-03-07;1.28712871;0.320132;0.082508251;1.689769
1990-03-10;0;1.836634;0.531353135;2.367987
1990-03-11;3.46534653;0;0;3.465347
1990-03-12;1.23762376;0;0;1.237624
1990-03-15;0.81683168;0.1650165;0.082508251;1.064356
1990-03-17;0.18564356;0.7425743;0.495049505;1.423267
1990-03-19;1.48514851;0;0;1.485149
1990-03-20;2.47524752;0;0;2.475248
1990-03-22;0.82508251;0.7879538;0.123762376;1.736799
1990-03-23;4.71947195;5.288779;0.99009901;10.99835
1990-03-25;0.90759076;0.1526403;0.024752475;1.084983
1990-03-27;0.82508251;0.330033;0;1.155116
1990-03-28;0.90759076;0.3506601;0;1.258251
1990-03-29;1.89768977;0;0;1.89769
1990-04-02;0.18151815;0.7425743;0.082508251;1.006601
1990-04-02;1.07260726;0.03630363;0;1.108911
1990-04-02;1.03135314;0;0;1.031353
1990-04-03;1.23762376;0.08250825;0;1.320132
1990-04-03;1.32013201;0.3349835;0.247524752;1.90264
1990-04-04;0;8.250825;0;8.250825
1990-04-07;0.7549505;0.339934;0;1.094884
1990-04-08;2.88778878;0;0;2.887789
1990-04-08;0.99009901;1.312706;0;2.302805
1990-04-09;0.73019802;0.799505;0.206270627;1.735974
1990-04-11;2.64026403;0.5775578;0;3.217822
1990-04-13;0.82508251;0.259901;0;1.084983
1990-04-18;0;1.237624;0.247524752;1.485149
1990-04-18;0;1.583333;0.915841584;2.499175
1990-04-18;4.8679868;0;0;4.867987
1990-04-20;0.59240924;0.3481848;0.165016502;1.105611
1990-04-25;2.06270627;10.31353;0;12.376238
1990-04-25;1.23762376;0.5090759;0;1.7467
1990-04-30;1.32013201;1.650165;0.618811881;3.589109
1990-05-01;0.99009901;0.03135314;0;1.021452
1990-05-02;0;3.052805;0.412541254;3.465347
1990-05-03;1.65016502;2.392739;0.495049505;4.537954
1990-05-03;4.62046205;0.5775578;0;5.19802
1990-05-04;2.31023102;0.2417492;0.123762376;2.675743
1990-05-07;0.90759076;0.3473597;0.020627063;1.275578
1990-05-07;1.65016502;0;0;1.650165
1990-05-09;3.30033003;0;0;3.30033
1990-05-09;1.15511551;0.1650165;0;1.320132
1990-05-17;0;1.072607;0.412541254;1.485149
1990-05-18;2.06270627;0.470297;0;2.533003
1990-05-18;2.80528053;0.4315182;0.618811881;3.855611
1990-05-22;0.63943894;0.5693069;0;1.208746
1990-05-25;1.03135314;0.2590759;0;1.290429
1990-05-25;0.74257426;0.8250825;1.237623762;2.805281
1990-05-25;0.82013201;0.4455446;0;1.265677
1990-05-26;3.71287129;1.280528;0.618811881;5.612211
1990-05-27;1.19636964;0.2475248;0;1.443894
1990-05-30;0.90759076;1.19637;0;2.10396
1990-06-03;2.47524752;0;0;2.475248
1990-06-04;1.15511551;0.660066;0;1.815182
1990-06-06;0.5049505;0.990099;0;1.49505
1990-06-06;1.03135314;1.011551;0;2.042904
1990-06-07;0.61881188;0.4315182;0.020627063;1.070957
1990-06-07;1.23762376;0;0;1.237624
1990-06-11;1.07260726;0.8250825;0.165016502;2.062706
1990-06-14;0.70132013;0.2623762;0.053630363;1.017327
1990-06-15;0.99009901;0.660066;0;1.650165
1990-06-15;4.55858086;9.90099;0.825082508;15.284653
1990-06-15;1.48514851;0.8085809;0;2.293729
1990-06-16;1.07260726;0;0;1.072607
1990-06-18;0.330033;2.887789;1.320132013;4.537954
1990-06-27;1.23762376;0;0;1.237624
1990-07-01;0;9.554455;0.630363036;10.184818
1990-07-01;1.16914191;0.4950495;0;1.664191
1990-07-05;1.73267327;0.1650165;0.412541254;2.310231
1990-07-05;2.76980198;3.157591;0.445544554;6.372937
1990-07-09;1.32013201;0.09075908;0;1.410891
1990-07-10;0.99009901;0.07508251;0.04950495;1.114686
1990-07-10;1.73267327;0.05528053;0.082508251;1.870462
1990-07-13;1.56765677;0.4125413;0.082508251;2.062706
1990-07-15;0.73019802;0.3382838;0;1.068482
1990-07-15;1.01072607;0.5775578;0.082508251;1.670792
1990-07-15;1.09735974;0.1633663;0.057755776;1.318482
1990-07-16;0.43316832;0.480198;0.202145215;1.115512
1990-07-17;1.48514851;0.5775578;0;2.062706
1990-07-18;0.66006601;0.4125413;0;1.072607
1990-07-19;1.73267327;0.990099;1.567656766;4.290429
1990-07-20;2.55775578;0.3424092;0.082508251;2.982673
1990-07-20;0.70957096;0.3118812;0;1.021452
1990-07-21;1.07260726;5.775578;1.237623762;8.085809
1990-07-21;1.11386139;1.237624;0.825082508;3.176568
1990-07-22;0.08250825;0.8787129;0.693069307;1.65429
1990-07-23;0.87376238;0.3919142;0;1.265677
1990-07-23;0.63283828;0.4488449;0;1.081683
1990-07-23;1.08415842;0;0;1.084158
1990-07-24;0;2.557756;0.247524752;2.805281
1990-07-24;1.44389439;0.2739274;0.445544554;2.163366
1990-07-27;0.90759076;0.3712871;0;1.278878
1990-07-28;1.32013201;0.0008250825;0;1.320957
1990-07-28;0.95874587;0.380363;0;1.339109
1990-07-28;1.44389439;0.03135314;0.008250825;1.483498
1990-07-28;1.20627063;0.3745875;0.241749175;1.822607
1990-07-29;2.22772277;3.547855;0.424917492;6.200495
1990-07-31;10.72607261;2.475248;0;13.20132
1990-08-02;0.58250825;2.264851;1.4669967;4.314356
1990-08-04;2.07920792;0.2046205;0.123762376;2.407591
1990-08-06;0.85808581;0.09405941;0.412541254;1.364686
1990-08-10;0.81270627;0.1105611;0.082508251;1.005776
1990-08-11;0.82508251;1.237624;0.082508251;2.145215
1990-08-13;0.66419142;0.990099;0.247524752;1.901815
1990-08-13;1.17986799;0.1988449;0.082508251;1.461221
1990-08-14;5.28052805;12.28218;3.264026403;20.826733
1990-08-14;1.15511551;4.785479;0;5.940594
1990-08-14;0.66006601;2.062706;0;2.722772
1990-08-14;2.12046205;0.2953795;0.346534653;2.762376
1990-08-15;1.01072607;0.01650165;0;1.027228
1990-08-17;0.82508251;0.3168317;0;1.141914
1990-08-18;0.330033;0.6229373;0.693069307;1.64604
1990-08-19;1.56765677;0.1617162;0.041254125;1.770627
1990-08-20;3.30033003;0.8250825;0;4.125413
1990-08-21;1.23762376;0.3712871;0.371287129;1.980198
1990-08-22;0.10313531;0.7590759;0.457920792;1.320132
1990-08-22;0.79207921;0.2145215;0;1.006601
1990-08-22;8.25082508;0;0;8.250825
1990-08-26;0.70132013;0.4125413;0;1.113861
1990-08-29;0.99009901;0.660066;0;1.650165
1990-08-29;1.02722772;0.2392739;0;1.266502
1990-08-30;1.04785479;0.4438944;0.061881188;1.55363
1990-08-30;3.79537954;0.2887789;0;4.084158
1990-08-31;1.10973597;0.3391089;0;1.448845
1990-09-08;0;12.37624;2.475247525;14.851485
1990-09-11;0;1.596535;0;1.596535
1990-09-15;3.71287129;0.1650165;0;3.877888
1990-09-19;0;1.938944;0.082508251;2.021452
1990-09-20;0;1.650165;0;1.650165
1990-09-27;0.84158416;0.06188119;0.107260726;1.010726
1990-09-27;1.48514851;0;0;1.485149
1990-09-30;0.82508251;0.1650165;0.288778878;1.278878
1990-10-01;0.43316832;0.330033;0.25990099;1.023102
1990-10-01;0.57755776;2.227723;1.897689769;4.70297
1990-10-02;2.72277228;0.4125413;0;3.135314
1990-10-03;0;1.650165;0.214521452;1.864686
1990-10-03;1.32013201;0.3052805;0.412541254;2.037954
1990-10-04;0;1.320132;0.825082508;2.145215
1990-10-04;1.15511551;0;0;1.155116
1990-10-07;1.05610561;0;0;1.056106
1990-10-08;11.69554455;132.0132;0.948844884;144.657591
1990-10-10;8.91089109;15.18152;4.537953795;28.630363
1990-10-12;1.98019802;12.29373;4.991749175;19.265677
1990-10-12;2.06270627;1.40264;2.062706271;5.528053
1990-10-15;1.32013201;0.2227723;0;1.542904
1990-10-16;3.63036304;0.990099;0;4.620462
1990-10-19;0;0.990099;0.082508251;1.072607
1990-10-19;3.30033003;0.4125413;0;3.712871
1990-10-23;0.78382838;0.230198;0;1.014026
1990-10-29;0.28877888;0.8250825;0;1.113861
1990-11-07;1.36138614;0.4009901;0.577557756;2.339934
1990-11-10;1.44389439;0.3712871;0.123762376;1.938944
1990-11-11;0.1650165;0.7425743;0.330033003;1.237624
1990-11-13;1.40264026;1.650165;0;3.052805
1990-11-13;1.40924092;0;0;1.409241
1990-11-15;2.03217822;0.3349835;0.186468647;2.55363
1990-11-23;5.11551155;0.660066;0;5.775578
1990-11-27;1.13448845;0;0;1.134488
1990-11-29;0.10726073;2.475248;0.825082508;3.407591
1990-11-29;0;0.9075908;0.165016502;1.072607
1990-11-30;0.66006601;0.4950495;0.012376238;1.167492
1990-11-30;1.07260726;0;0;1.072607
1990-12-04;1.00660066;0.2640264;0;1.270627
1990-12-05;1.03135314;0.4290429;0.012376238;1.472772
1990-12-06;1.03630363;0;0;1.036304
1990-12-07;0;1.40264;0.247524752;1.650165
1990-12-08;1.48184818;0.1963696;0;1.678218
1990-12-09;1.23762376;0.3465347;1.056105611;2.640264
1990-12-09;1.32013201;0.1988449;0.082508251;1.601485
1990-12-10;1.23762376;16.50165;0;17.739274
1990-12-14;1.23762376;2.310231;0.825082508;4.372937
1990-12-15;1.07260726;0.2887789;0;1.361386
1990-12-16;0.90759076;0.06188119;0.214521452;1.183993
1990-12-17;2.31023102;0.330033;0.330033003;2.970297
1990-12-19;0.77557756;0.2475248;0;1.023102
1990-12-20;0.82508251;0.2062706;0.099009901;1.130363
1990-12-21;2.88778878;0.1237624;0;3.011551
1990-12-21;1.07260726;0.330033;0;1.40264
1990-12-22;1.66254125;0.660066;0;2.322607
1990-12-23;0.82508251;0.290429;0;1.115512
1990-12-23;1.69141914;0;0;1.691419
1990-12-24;0;1.237624;0;1.237624
1990-12-27;0.70214521;0.4125413;0;1.114686
1990-12-30;0;0.990099;0.412541254;1.40264
1990-12-30;2.06270627;2.392739;0.412541254;4.867987
1990-12-30;1.07260726;0;0;1.072607
1990-12-31;3.71287129;0.4125413;0;4.125413
